Code,Company,Country,,,
PDR.HM,Phat Dat Real Estate Development Corp,Vietnam,,,
MWG.HM,Mobile World Investment Corp,Vietnam,,,
HVN.HM,Vietnam Airlines JSC,Vietnam,,,
BCG.HM,Bamboo Capital Group JSC,Vietnam,,,
GEX.HM,Gelex Group JSC,Vietnam,,,
SAB.HM,Saigon Beer Alcohol Beverage Corp,Vietnam,,,
NVL.HM,No Va Land Investment Group Corp,Vietnam,,,
DXS.HM,Dat Xanh Real Estate Services JSC,Vietnam,,,
VHM.HM,Vinhomes JSC,Vietnam,,,
FRT.HM,FPT Digital Retail JSC,Vietnam,,,
VNM.HM,Vietnam Dairy Products JSC,Vietnam,,,
FPT.HM,FPT Corp,Vietnam,,,
HBC.HNO,Hoa Binh Construction Group JSC,Vietnam,,,
VIC.HM,Vingroup JSC,Vietnam,,,
HPG.HM,Hoa Phat Group JSC,Vietnam,,,
KBC.HM,Kinhbac City Development Holding Corp,Vietnam,,,
VCG.HM,Viet Nam Construction and Import Export Joint Stock Corp,Vietnam,,,
HAG.HM,Hoang Anh Gia Lai JSC,Vietnam,,,
DIG.HM,Development Investment Construction JSC,Vietnam,,,
MSN.HM,Masan Group Corp,Vietnam,,,
DXG.HM,Dat Xanh Group JSC,Vietnam,,,
CTD.HM,Coteccons Construction JSC,Vietnam,,,
KDH.HM,Khang Dien House Trading and Investment JSC,Vietnam,,,
SJVN.NS,SJVN Ltd,India,,,
BACO.NS,Bajaj Consumer Care Ltd,India,,,
GPPL.NS,Gujarat Pipavav Port Ltd,India,,,
COAL.NS,Coal India Ltd,India,,,
VATE.NS,Va Tech Wabag Ltd,India,,,
ABDL.NS,Ashoka Buildcon Ltd,India,,,
DPNT.NS,Deepak Nitrite Ltd,India,,,
JUWL.NS,Jupiter Wagons Ltd,India,,,
OEBO.NS,Oberoi Realty Ltd,India,,,
PREG.NS,Prestige Estates Projects Ltd,India,,,
RSPO.NS,Responsive Industries Ltd,India,,,
MOIL.NS,Moil Ltd,India,,,
JINW.NS,Jindal Worldwide Ltd,India,,,
JMNA.NS,Jamna Auto Industries Ltd,India,,,
KIRP.NS,Kirloskar Pneumatic Company Ltd,India,,,
KIRO.NS,Kirloskar Oil Engines Ltd,India,,,
FINE.NS,Fineotex Chemical Ltd,India,,,
GALX.NS,Galaxy Surfactants Ltd,India,,,
SYMP.NS,Symphony Ltd,India,,,
PIIL.NS,PI Industries Ltd,India,,,
RLXO.NS,Relaxo Footwears Ltd,India,,,
VST.NS,VST Tillers Tractors Ltd,India,,,
DHNP.NS,Dhanuka Agritech Ltd,India,,,
MAIT.NS,Maithan Alloys Ltd,India,,,
FLTX.NS,Filatex India Ltd,India,,,
ALEM.NS,Alembic Pharmaceuticals Ltd,India,,,
TRVT.NS,Triveni Turbine Ltd,India,,,
PLMD.NS,Poly Medicure Ltd,India,,,
RUCL.NS,Rupa & Company Ltd,India,,,
APLA.NS,APL Apollo Tubes Ltd,India,,,
MINC.NS,Minda Corporation Ltd,India,,,
RHIM.NS,RHI Magnesita India Ltd,India,,,
SEIN.NS,Schneider Electric Infrastructure Ltd,India,,,
NBCC.NS,NBCC (India) Ltd,India,,,
SWAN.NS,Swan Corp Ltd,India,,,
RTNI.NS,Rattanindia Enterprises Ltd,India,,,
INUS.NS,Indus Towers Ltd,India,,,
PCJE.NS,PC Jeweller Ltd,India,,,
VMAR.NS,V-mart Retail Ltd,India,,,
JUST.NS,Just Dial Ltd,India,,,
ORCE.NS,Orient Cement Ltd,India,,,
ADIA.NS,Aditya Birla Fashion and Retail Ltd,India,,,
INWN.NS,Inox Wind Ltd,India,,,
ADEN.NS,Advanced Enzyme Technologies Ltd,India,,,
HIAE.NS,Hindustan Aeronautics Ltd,India,,,
SHCR.NS,Sharda Cropchem Ltd,India,,,
BUTT.NS,Butterfly Gandhimathi Appliances Ltd,India,,,
CAPL.NS,Caplin Point Laboratories Ltd,India,,,
HAPL.NS,Hatsun Agro Product Ltd,India,,,
PDSL.NS,PDS Ltd,India,,,
INEE.NS,Intellect Design Arena Ltd,India,,,
VRLL.NS,VRL Logistics Ltd,India,,,
SYNN.NS,Syngene International Ltd,India,,,
MOLT.NS,Mold-Tek Packaging Ltd,India,,,
GEEN.NS,Greenlam Industries Ltd,India,,,
THYO.NS,Thyrocare Technologies Ltd,India,,,
AVNT.NS,Avanti Feeds Ltd,India,,,
PIVI.NS,Privi Speciality Chemicals Ltd,India,,,
BRIH.NS,Brightcom Group Ltd,India,,,
PNCI.NS,PNC Infratech Ltd,India,,,
ADAI.NS,Adani Energy Solutions Ltd,India,,,
INGL.NS,Interglobe Aviation Ltd,India,,,
SHAD.NS,Sharda Motor Industries Ltd,India,,,
DIBL.NS,Dilip Buildcon Ltd,India,,,
TLSV.NS,TeamLease Services Ltd,India,,,
DLPA.NS,Dr. Lal PathLabs Ltd,India,,,
QUEC.NS,Quess Corp Ltd,India,,,
GINF.NS,G R Infraprojects Ltd,India,,,
NARY.NS,Narayana Hrudayalaya Ltd,India,,,
LUXI.NS,Lux Industries Ltd,India,,,
ALKE.NS,Alkem Laboratories Ltd,India,,,
ENDU.NS,Endurance Technologies Ltd,India,,,
HEAC.NS,Healthcare Global Enterprises Ltd,India,,,
MGAS.NS,Mahanagar Gas Ltd,India,,,
SEQU.NS,SeQuent Scientific Ltd,India,,,
CROP.NS,Crompton Greaves Consumer Electricals Ltd,India,,,
LAUL.NS,Laurus Labs Ltd,India,,,
BLSN.NS,Bls International Services Ltd,India,,,
VARB.NS,Varun Beverages Ltd,India,,,
LTEH.NS,L&T Technology Services Ltd,India,,,
SHEF.NS,Sheela Foam Ltd,India,,,
COCH.NS,Cochin Shipyard Ltd,India,,,
LTIM.NS,LTIMindtree Ltd,India,,,
FRTL.NS,Future Retail Ltd,India,,,
AVEU.NS,Avenue Supermarts Ltd,India,,,
KIOC.NS,KIOCL Ltd,India,,,
LODH.NS,Lodha Developers Ltd,India,,,
TCIE.NS,TCI Express Ltd,India,,,
ITDC.NS,India Tourism Development Corp Ltd,India,,,
ERIS.NS,Eris Lifesciences Ltd,India,,,
GODE.NS,Godrej Agrovet Ltd,India,,,
TABE.NS,Tasty Bite Eatables Ltd,India,,,
EMBA.NS,Embassy Office Parks REIT,India,,,
TEJS.NS,Tejas Networks Ltd,India,,,
DLLA.NS,Dollar Industries Ltd,India,,,
MISR.NS,Mishra Dhatu Nigam Ltd,India,,,
BARA.NS,Bharat Dynamics Ltd,India,,,
GRSE.NS,Garden Reach Shipbuilders & Engineers Ltd,India,,,
RITS.NS,RITES Ltd,India,,,
PSPP.NS,PSP Projects Ltd,India,,,
DIXO.NS,Dixon Technologies (India) Ltd,India,,,
STAT.NS,Star Cement Ltd,India,,,
MALO.NS,Mahindra Logistics Ltd,India,,,
SISI.NS,SIS Ltd,India,,,
CMSN.NS,CMS Info Systems Ltd,India,,,
OPTI.NS,Optiemus Infracom Ltd,India,,,
AMBE.NS,Amber Enterprises India Ltd,India,,,
TBEI.NS,Tube Investments of India Ltd,India,,,
DODL.NS,Dodla Dairy Ltd,India,,,
VARE.NS,Varroc Engineering Ltd,India,,,
NEWG.NS,Newgen Software Technologies Ltd,India,,,
ROUT.NS,Route Mobile Ltd,India,,,
NAZA.NS,Nazara Technologies Ltd,India,,,
HGIN.NS,HG Infra Engineering Ltd,India,,,
GMMP.NS,GMM Pfaudler Ltd,India,,,
LEMO.NS,Lemon Tree Hotels Ltd,India,,,
PRCE.NS,Prince Pipes and Fittings Ltd,India,,,
RAIV.NS,Rail Vikas Nigam Ltd,India,,,
KALN.NS,Kalyan Jewellers India Ltd,India,,,
ADNA.NS,Adani Green Energy Ltd,India,,,
ONTE.NS,Orient Electric Ltd,India,,,
BORO.NS,Borosil Renewables Ltd,India,,,
FINO.NS,Fine Organic Industries Ltd,India,,,
CHAL.NS,Chalet Hotels Ltd,India,,,
ACUA.NS,Acutaas Chemicals Ltd,India,,,
AFFL.NS,Affle 3i Ltd,India,,,
IRCN.NS,Ircon International Ltd,India,,,
GLAD.NS,Gland Pharma Ltd,India,,,
METP.NS,Metropolis Healthcare Ltd,India,,,
HERN.NS,Heranba Industries Ltd,India,,,
ADAG.NS,Adani Total Gas Ltd,India,,,
NEOE.NS,Neogen Chemicals Ltd,India,,,
SASE.NS,Sansera Engineering Ltd,India,,,
STEN.NS,Sterling and Wilson Renewable Energy Ltd,India,,,
RAIT.NS,Railtel Corporation of India Ltd,India,,,
ARVF.NS,Arvind Fashions Ltd,India,,,
ENEY.BO,Energy Infrastructure Trust,India,,,
POLC.NS,Polycab India Ltd,India,,,
KPIE.NS,KPIT Technologies Ltd,India,,,
DALB.NS,Dalmia Bharat Ltd,India,,,
INDG.NS,Indigo Paints Ltd,India,,,
INMR.NS,Indiamart Intermesh Ltd,India,,,
WEST.NS,Westlife Foodworld Ltd,India,,,
HFDS.NS,Hindustan Foods Ltd,India,,,
INIR.NS,Indian Railway Catering and Tourism Corporation Ltd,India,,,
SAFA.NS,Safari Industries (India) Ltd,India,,,
MAZG.NS,Mazagon Dock Shipbuilders Ltd,India,,,
GUJL.NS,Gujarat Fluorochemicals Ltd,India,,,
GREP.NS,Greenpanel Industries Ltd,India,,,
SHYE.NS,Shyam Metalics and Energy Ltd,India,,,
HIIL.NS,Hindware Home Innovation Ltd,India,,,
EASM.NS,Easy Trip Planners Ltd,India,,,
MINS.NS,Mindspace Business Parks REIT,India,,,
SUMH.NS,Sumitomo Chemical India Ltd,India,,,
BARQ.NS,Barbeque-Nation Hospitality Ltd,India,,,
COHA.NS,Cohance Lifesciences Ltd,India,,,
HITN.NS,Hitachi Energy India Ltd,India,,,
RAJR.NS,Rajratan Global Wire Ltd,India,,,
HAPP.NS,Happiest Minds Technologies Ltd,India,,,
BORS.NS,Borosil Ltd,India,,,
ROSB.NS,Rossari Biotech Ltd,India,,,
MAXE.NS,Max Healthcare Institute Ltd,India,,,
MAII.NS,Max India Ltd,India,,,
COMU.NS,Computer Age Management Services Ltd,India,,,
HEML.NS,Hemisphere Properties India Ltd,India,,,
RESR.NS,Restaurant Brands Asia Ltd,India,,,
CRAF.NS,Craftsman Automation Ltd,India,,,
DELH.NS,Delhivery Ltd,India,,,
BROF.NS,Brookfield India Real Estate Trust,India,,,
HLEG.NS,HLE Glascoat Ltd,India,,,
BESA.NS,Best Agrolife Ltd,India,,,
LAXR.NS,Laxmi Organic Industries Ltd,India,,,
PRAF.NS,Paras Defence and Space Technologies Ltd,India,,,
JUBN.NS,Jubilant Ingrevia Ltd,India,,,
ANUY.NS,Anupam Rasayan India Ltd,India,,,
ALIV.NS,Alivus Life Sciences Ltd,India,,,
POWG.NS,Powergrid Infrastructure Investment Trust,India,,,
ETEA.NS,Eternal Ltd,India,,,
ISGE.NS,Isgec Heavy Engineering Ltd,India,,,
AWLA.NS,AWL Agri Business Ltd,India,,,
KRII.NS,Krishna Institute of Medical Sciences Ltd,India,,,
SONB.NS,Sona BLW Precision Forgings Ltd,India,,,
IDIP.NS,India Pesticides Ltd,India,,,
CLEA.NS,Clean Science and Technology Ltd,India,,,
TATV.NS,Tatva Chintan Pharma Chem Ltd,India,,,
ROLE.NS,Rolex Rings Ltd,India,,,
DEVY.NS,Devyani International Ltd,India,,,
NUVO.NS,Nuvoco Vistas Corporation Ltd,India,,,
SAPI.NS,Sapphire Foods India Ltd,India,,,
EPIG.NS,Epigral Ltd,India,,,
MEGI.NS,Meghmani Organics Ltd,India,,,
CART.NS,Cartrade Tech Ltd,India,,,
GOFA.NS,Go Fashion (India) Ltd,India,,,
RATE.NS,Rategain Travel Technologies Ltd,India,,,
CHPA.NS,Chemplast Sanmar Ltd,India,,,
VIJA.NS,Vijaya Diagnostic Centre Ltd,India,,,
SPRL.NS,Supriya Lifescience Ltd,India,,,
VEDN.NS,Vedant Fashions Ltd,India,,,
DATP.NS,Data Patterns (India) Ltd,India,,,
CEIF.NS,CE Info Systems Ltd,India,,,
FSNE.NS,Fsn E-Commerce Ventures Ltd,India,,,
LATN.NS,Latent View Analytics Ltd,India,,,
TARO.NS,Tarsons Products Ltd,India,,,
TEGA.NS,Tega Industries Ltd,India,,,
METB.NS,Metro Brands Ltd,India,,,
RAIB.NS,Rainbow Children's Medicare Ltd,India,,,
TVSS.NS,TVS Supply Chain Solutions Ltd,India,,,
IONX.NS,Ion Exchange (India) Ltd,India,,,
GRMO.NS,GRM Overseas Ltd,India,,,
TATE.NS,Tata Technologies Ltd,India,,,
ARTI.NS,Aarti Industries Ltd,India,,,
TMIN.NS,3M India Ltd,India,,,
ADRG.NS,Aarti Drugs Ltd,India,,,
AIAE.NS,AIA Engineering Ltd,India,,,
ADEL.NS,Adani Enterprises Ltd,India,,,
ALKY.NS,Alkyl Amines Chemicals Ltd,India,,,
AMAR.NS,Amara Raja Energy & Mobility Ltd,India,,,
ABUJ.NS,Ambuja Cements Ltd,India,,,
ALOK.NS,Alok Industries Ltd,India,,,
AJPH.NS,Ajanta Pharma Ltd,India,,,
APLH.NS,Apollo Hospitals Enterprise Ltd,India,,,
TRIE.NS,Trident Ltd,India,,,
ABB.NS,ABB India Ltd,India,,,
ACC.NS,ACC Ltd,India,,,
APLO.NS,Apollo Tyres Ltd,India,,,
APCI.NS,Apcotex Industries Ltd,India,,,
SNDO.NS,Sundrop Brands Ltd,India,,,
ASTR.NS,Astrazeneca Pharma India Ltd,India,,,
AEGS.NS,Aegis Logistics Ltd,India,,,
ACEL.NS,Action Construction Equipment Ltd,India,,,
AISG.NS,Asahi India Glass Ltd,India,,,
ASOK.NS,Ashok Leyland Ltd,India,,,
ACLL.NS,Allcargo Logistics Ltd,India,,,
APAR.NS,Apar Industries Ltd,India,,,
ASTL.NS,Astral Ltd,India,,,
ARVN.NS,Arvind Ltd,India,,,
ASPN.NS,Asian Paints Ltd,India,,,
ATLP.NS,Atul Ltd,India,,,
BANN.NS,Bannari Amman Sugars Ltd,India,,,
BJEL.NS,Bajaj Electricals Ltd,India,,,
BRLC.NS,Birla Corporation Ltd,India,,,
SANO.NS,Sanofi India Ltd,India,,,
BATA.NS,Bata India Ltd,India,,,
BFRG.NS,Bharat Forge Ltd,India,,,
ARBN.NS,Aurobindo Pharma Ltd,India,,,
BRSN.NS,Bharat Rasayan Ltd,India,,,
BAMN.NS,Balaji Amines Ltd,India,,,
BLKI.NS,Balkrishna Industries Ltd,India,,,
BEML.NS,BEML Ltd,India,,,
BRIG.NS,Brigade Enterprises Ltd,India,,,
BACH.NS,Balrampur Chini Mills Ltd,India,,,
BION.NS,Biocon Ltd,India,,,
BOSH.NS,Bosch Ltd,India,,,
BLDT.NS,Blue Dart Express Ltd,India,,,
BRTI.NS,Bharti Airtel Ltd,India,,,
BRGR.NS,Berger Paints India Ltd,India,,,
CERA.NS,Cera Sanitaryware Ltd,India,,,
CCLP.NS,CCL Products (India) Ltd,India,,,
BRIT.NS,Britannia Industries Ltd,India,,,
CAST.NS,Castrol India Ltd,India,,,
CNTP.NS,Century Plyboards (India) Ltd,India,,,
BPCL.NS,Bharat Petroleum Corporation Ltd,India,,,
CESC.NS,CESC Ltd,India,,,
CHPC.NS,Chennai Petroleum Corporation Ltd,India,,,
CRBR.NS,Carborundum Universal Ltd,India,,,
BASF.NS,BASF India Ltd,India,,,
BLUS.NS,Blue Star Ltd,India,,,
AITE.NS,Aditya Birla Real Estate Ltd,India,,,
BLAC.NS,Black Box Ltd,India,,,
LIND.NS,Linde India Ltd,India,,,
BAJE.NS,Bharat Electronics Ltd,India,,,
BHEL.NS,Bharat Heavy Electricals Ltd,India,,,
CHMB.NS,Chambal Fertilisers and Chemicals Ltd,India,,,
CEAT.NS,CEAT Ltd,India,,,
ZYDU.NS,Zydus Lifesciences Ltd,India,,,
CIPL.NS,Cipla Ltd,India,,,
DABU.NS,Dabur India Ltd,India,,,
CSFL.NS,Cosmo First Ltd,India,,,
LTOL.NS,LT Foods Ltd,India,,,
DSTV.NS,Dish TV India Ltd,India,,,
ERDY.NS,Eveready Industries India Ltd,India,,,
FINX.NS,Finolex Industries Ltd,India,,,
GDFR.NS,Godfrey Phillips India Ltd,India,,,
GRVL.NS,Greaves Cotton Ltd,India,,,
GODI.NS,Godrej Industries Ltd,India,,,
REDY.NS,Dr Reddy's Laboratories Ltd,India,,,
ELCN.NS,Elecon Engineering Company Ltd,India,,,
EICH.NS,Eicher Motors Ltd,India,,,
ESAB.NS,ESAB India Ltd,India,,,
GAME.NS,Gujarat Ambuja Exports Ltd,India,,,
HEGL.NS,HEG Ltd,India,,,
HROM.NS,Hero MotoCorp Ltd,India,,,
AKZO.NS,Akzo Nobel India Ltd,India,,,
DPFE.NS,Deepak Fertilisers and Petrochemicals Corp Ltd,India,,,
DLF.NS,DLF Ltd,India,,,
ENGI.NS,Engineers India Ltd,India,,,
EPLI.NS,EPL Ltd,India,,,
FNXC.NS,Finolex Cables Ltd,India,,,
ELST.NS,Electrosteel Castings Ltd,India,,,
FISO.NS,Firstsource Solutions Ltd,India,,,
GHCH.NS,GHCL Ltd,India,,,
HCLT.NS,HCL Technologies Ltd,India,,,
GESC.NS,Great Eastern Shipping Company Ltd,India,,,
INFY.NS,Infosys Ltd,India,,,
CGPO.NS,CG Power and Industrial Solutions Ltd,India,,,
COLG.NS,Colgate-Palmolive (India) Ltd,India,,,
DCMS.NS,DCM Shriram Ltd,India,,,
EXID.NS,Exide Industries Ltd,India,,,
FDC.NS,F D C Ltd,India,,,
HIMD.NS,Himadri Speciality Chemical Ltd,India,,,
HLL.NS,Hindustan Unilever Ltd,India,,,
HGSL.NS,Hinduja Global Solutions Ltd,India,,,
GILE.NS,Gillette India Ltd,India,,,
GRPH.NS,Graphite India Ltd,India,,,
CUMM.NS,Cummins India Ltd,India,,,
HVEL.NS,Havells India Ltd,India,,,
HALC.NS,Hindalco Industries Ltd,India,,,
HFCL.NS,HFCL Ltd,India,,,
BIRU.NS,BirlaNu Ltd,India,,,
CCRI.NS,Container Corporation of India Ltd,India,,,
ESCO.NS,Escorts Kubota Ltd,India,,,
IHTL.NS,Indian Hotels Company Ltd,India,,,
DLMI.NS,Dalmia Bharat Sugar and Industries Ltd,India,,,
IOC.NS,Indian Oil Corporation Ltd,India,,,
SCHE.NS,Schaeffler India Ltd,India,,,
GAIL.NS,Gail (India) Ltd,India,,,
DWAR.NS,Dwarikesh Sugar Industries Ltd,India,,,
ECLE.NS,eClerx Services Limited,India,,,
EMAM.NS,Emami Ltd,India,,,
DIVI.NS,Divi's Laboratories Ltd,India,,,
GRWL.NS,Garware Technical Fibres Ltd,India,,,
OLEC.NS,Olectra Greentech Ltd,India,,,
GOCP.NS,Godrej Consumer Products Ltd,India,,,
GALK.NS,Gujarat Alkalies And Chemicals Ltd,India,,,
GNFC.NS,Gujarat Narmada Valley Fertilizers & Chemicals Ltd,India,,,
GRAN.NS,Granules India Ltd,India,,,
GMDC.NS,Gujarat Mineral Development Corporation Ltd,India,,,
GMRI.NS,GMR Airports Ltd,India,,,
GLAX.NS,GlaxoSmithKline Pharmaceuticals Ltd,India,,,
FOHE.NS,Fortis Healthcare Ltd,India,,,
EIHO.NS,EIH Ltd,India,,,
EIDP.NS,E I D-Parry (India) Ltd,India,,,
FCTL.NS,Fertilisers And Chemicals Travancore Ltd,India,,,
JCHA.NS,Johnson Controls-Hitachi Air Conditioning India Ltd,India,,,
HOEX.NS,Hindustan Oil Exploration Company Ltd,India,,,
HZNC.NS,Hindustan Zinc Ltd,India,,,
EMBS.NS,Embassy Developments Ltd,India,,,
VODA.NS,Vodafone Idea Ltd,India,,,
IGAS.NS,Indraprastha Gas Ltd,India,,,
GRAS.NS,Grasim Industries Ltd,India,,,
GRNN.NS,Grindwell Norton Ltd,India,,,
ELGE.NS,Elgi Equipments Ltd,India,,,
GGAS.NS,Gujarat Gas Ltd,India,,,
HBLO.NS,HBL Engineering Ltd,India,,,
GLEN.NS,Glenmark Pharmaceuticals Ltd,India,,,
ITEL.NS,ITI Ltd,India,,,
JBMA.NS,JBM Auto Ltd,India,,,
JKCE.NS,J K Cement Ltd,India,,,
JPLY.NS,Jindal Poly Films Ltd,India,,,
LAOP.NS,La Opala R G Ltd,India,,,
JAIA.NS,Jaiprakash Associates Ltd,India,,,
MRPL.NS,Mangalore Refinery and Petrochemicals Ltd,India,,,
NLCI.NS,NLC India Ltd,India,,,
JYOI.NS,Jyothy Labs Ltd,India,,,
KANE.NS,Kansai Nerolac Paints Ltd,India,,,
KNRL.NS,KNR Constructions Ltd,India,,,
KPRM.NS,KPR Mill Ltd,India,,,
KVRI.NS,Kaveri Seed Company Ltd,India,,,
JKIN.NS,JK Tyre & Industries Ltd,India,,,
JKIP.NS,J Kumar Infraprojects Ltd,India,,,
KKCL.NS,Kewal Kiran Clothing Ltd,India,,,
STYE.NS,Styrenix Performance Materials Ltd,India,,,
LMVL.NS,LMW Ltd,India,,,
LUPN.NS,Lupin Ltd,India,,,
BIRS.NS,Birlasoft Ltd,India,,,
MAHM.NS,Mahindra and Mahindra Ltd,India,,,
TRCE.NS,Ramco Cements Limited,India,,,
CIEA.NS,CIE Automotive India Ltd,India,,,
MRTI.NS,Maruti Suzuki India Ltd,India,,,
MMFO.NS,MM Forgings Ltd,India,,,
NALU.NS,National Aluminium Co Ltd,India,,,
NEFI.NS,Network18 Media & Investments Ltd,India,,,
KAPT.NS,Kalpataru Projects International Ltd,India,,,
JAPR.NS,Jaiprakash Power Ventures Ltd,India,,,
JBCH.NS,J B Chemicals and Pharmaceuticals Ltd,India,,,
JKLC.NS,JK Lakshmi Cement Ltd,India,,,
JSTL.NS,JSW Steel Ltd,India,,,
HIKA.NS,Hikal Ltd,India,,,
MRF.NS,MRF Ltd,India,,,
KRBR.NS,Kirloskar Brothers Ltd,India,,,
HMTL.NS,HMT Ltd,India,,,
MRCO.NS,Marico Ltd,India,,,
INED.NS,Info Edge (India) Ltd,India,,,
CYIE.NS,Cyient Ltd,India,,,
PROC.NS,Procter & Gamble Hygiene and Health Care Ltd,India,,,
PTCI.NS,PTC India Ltd,India,,,
NAVN.NS,Navneet Education Ltd,India,,,
NAFT.NS,National Fertilizers Ltd,India,,,
MHSM.NS,Maharashtra Seamless Ltd,India,,,
NIIT.NS,NIIT Ltd,India,,,
IRBI.NS,IRB Infrastructure Developers Ltd,India,,,
ITC.NS,ITC Ltd,India,,,
JIND.NS,Jindal SAW Ltd,India,,,
JAIR.NS,Jain Irrigation Systems Ltd,India,,,
PFIZ.NS,Pfizer Ltd,India,,,
GSFC.NS,Gujarat State Fertilizers & Chemicals Ltd,India,,,
GRPL.NS,Greenply Industries Ltd,India,,,
GSPT.NS,Gujarat State Petronet Ltd,India,,,
JAYN.NS,Jayaswal Neco Industries Ltd,India,,,
NCCL.NS,NCC Ltd,India,,,
KECL.NS,KEC International Ltd,India,,,
KIRI.NS,Kiri Industries Ltd,India,,,
HPCL.NS,Hindustan Petroleum Corp Ltd,India,,,
IFBI.NS,IFB Industries Ltd,India,,,
ICMN.NS,India Cements Ltd,India,,,
IPCA.NS,IPCA Laboratories Ltd,India,,,
JUBA.NS,Jubilant Pharmova Ltd,India,,,
KEIN.NS,KEI Industries Ltd,India,,,
KAJR.NS,Kajaria Ceramics Ltd,India,,,
LART.NS,Larsen and Toubro Ltd,India,,,
PAGE.NS,Page Industries Ltd,India,,,
PIDI.NS,Pidilite Industries Ltd,India,,,
RALL.NS,Rallis India Ltd,India,,,
RYMD.NS,Raymond Ltd,India,,,
RSYS.NS,R Systems International Ltd,India,,,
SPRC.NS,Sun Pharma Advanced Research Co Ltd,India,,,
RELI.NS,Reliance Industries Ltd,India,,,
SAMD.NS,Samvardhana Motherson International Ltd,India,,,
SOBH.NS,Sobha Ltd,India,,,
SOFT.NS,Sonata Software Ltd,India,,,
GHFC.NS,Ganesh Housing Ltd,India,,,
COFO.NS,Coforge Ltd,India,,,
SNFS.NS,Sundram Fasteners Ltd,India,,,
SUPI.NS,Supreme Industries Ltd,India,,,
TIME.NS,Time Technoplast Ltd,India,,,
TVSM.NS,TVS Motor Company Ltd,India,,,
RADC.NS,Radico Khaitan Ltd,India,,,
RAID.NS,Rain Industries Ltd,India,,,
RMT.NS,Ratnamani Metals and Tubes Ltd,India,,,
UNOI.NS,UNO Minda Ltd,India,,,
MAST.NS,Mastek Ltd,India,,,
NKML.NS,Nilkamal Ltd,India,,,
NMDC.NS,NMDC Ltd,India,,,
VOTL.NS,Voltamp Transformers Ltd,India,,,
VART.NS,Vardhman Textiles Ltd,India,,,
JNSP.NS,Jindal Steel Ltd,India,,,
JAIC.NS,Jai Corp Ltd,India,,,
KSBL.NS,KSB Ltd,India,,,
MBFL.NS,Mphasis Ltd,India,,,
GDPI.NS,Godawari Power and Ispat Ltd,India,,,
NAAL.NS,Nava Limited,India,,,
MIRZ.NS,Mirza International Ltd,India,,,
NATP.NS,Natco Pharma Ltd,India,,,
TCS.NS,Tata Consultancy Services Ltd,India,,,
TITN.NS,Titan Company Ltd,India,,,
TORP.NS,Torrent Pharmaceuticals Ltd,India,,,
NTPC.NS,NTPC Ltd,India,,,
PAFO.NS,Patanjali Foods Ltd,India,,,
NAFL.NS,Navin Fluorine International Ltd,India,,,
USBL.NS,Usha Martin Ltd,India,,,
WGSR.NS,Welspun Corp Ltd,India,,,
WCKH.NS,Wockhardt Ltd,India,,,
ZENT.NS,Zensar Technologies Ltd,India,,,
APSE.NS,Adani Ports and Special Economic Zone Ltd,India,,,
NSEN.NS,Nesco Ltd,India,,,
SUZL.NS,Suzlon Energy Ltd,India,,,
TACN.NS,Tata Consumer Products Ltd,India,,,
PLNG.NS,Petronet LNG Ltd,India,,,
PRIS.NS,Prism Johnson Ltd,India,,,
REXP.NS,Rajesh Exports Ltd,India,,,
SHCM.NS,Shree Cement Ltd,India,,,
SUN.NS,Sun Pharmaceutical Industries Ltd,India,,,
NOCI.NS,Nocil Ltd,India,,,
PHOE.NS,Phoenix Mills Ltd,India,,,
HDIL.NS,Housing Development and Infrastructure Ltd,India,,,
HONE.NS,Honeywell Automation India Ltd,India,,,
INGR.NS,Ingersoll-Rand (India) Ltd,India,,,
JKPA.NS,JK Paper Ltd,India,,,
JIST.NS,Jindal Stainless Ltd,India,,,
ONGC.NS,Oil and Natural Gas Corporation Ltd,India,,,
KRBL.NS,KRBL Ltd,India,,,
PROR.NS,Procter & Gamble Health Ltd,India,,,
SRES.NS,Shree Renuka Sugars Ltd,India,,,
PVRL.NS,PVR INOX Ltd,India,,,
PLYP.NS,Polyplex Corp Ltd,India,,,
TOPO.NS,Torrent Power Ltd,India,,,
PRFO.NS,Prime Focus Ltd,India,,,
VDAN.NS,Vedanta Ltd,India,,,
SIYR.NS,Siyaram Silk Mills Ltd,India,,,
SLIN.NS,Solar Industries India Ltd,India,,,
TTEX.NS,Tata Elxsi Ltd,India,,,
MALD.NS,Mahindra Lifespace Developers Ltd,India,,,
RSTC.NS,Rashtriya Chemicals and Fertilizers Ltd,India,,,
RPOL.NS,Reliance Power Ltd,India,,,
SCI.NS,shipping corporation of India Ltd,India,,,
TTKL.NS,TTK Prestige Ltd,India,,,
REDI.NS,Redington Ltd,India,,,
TTCH.NS,Tata Chemicals Ltd,India,,,
TATA.NS,Tata Communications Ltd,India,,,
TEML.NS,Tech Mahindra Ltd,India,,,
SKFB.NS,SKF India Ltd,India,,,
SGRC.NS,Sagar Cements Ltd,India,,,
SAIL.NS,Steel Authority of India Ltd,India,,,
SHOP.NS,Shoppers Stop Ltd,India,,,
VENK.NS,Venky's (India) Ltd,India,,,
TTML.NS,Tata Teleservices (Maharashtra) Ltd,India,,,
SRFL.NS,SRF Ltd,India,,,
STTE.NS,Sterlite Technologies Ltd,India,,,
TNSL.NS,Tanla Platforms Ltd,India,,,
SUBR.NS,Subros Ltd,India,,,
TISC.NS,Tata Steel Ltd,India,,,
THOM.NS,Thomas Cook (India) Ltd,India,,,
PGRD.NS,Power Grid Corporation of India Ltd,India,,,
VGUA.NS,V Guard Industries Ltd,India,,,
VESU.NS,Vesuvius India Ltd,India,,,
VSTI.NS,VST Industries Ltd,India,,,
SUTV.NS,Sun Tv Network Ltd,India,,,
TAMO.NS,Tata Motors Ltd,India,,,
TREN.NS,Trent Ltd,India,,,
THMX.NS,Thermax Limited,India,,,
TIMK.NS,Timken India Ltd,India,,,
SRID.NS,Strides Pharma Science Ltd,India,,,
TTPW.NS,Tata Power Company Ltd,India,,,
RLCM.NS,Reliance Communications Ltd,India,,,
ULTC.NS,UltraTech Cement Ltd,India,,,
VOLT.NS,Voltas Ltd,India,,,
WSTC.NS,West Coast Paper Mills Ltd,India,,,
UPLL.NS,UPL Ltd,India,,,
SIEM.NS,Siemens Ltd,India,,,
VIPI.NS,V I P Industries Ltd,India,,,
WIPR.NS,Wipro Ltd,India,,,
TIPS.NS,Tips Music Ltd,India,,,
UNTE.NS,Unitech Ltd,India,,,
WLSP.NS,Welspun Living Ltd,India,,,
UFLX.NS,Uflex Ltd,India,,,
ZEE.NS,Zee Entertainment Enterprises Ltd,India,,,
TCIL.NS,Transport Corporation of India Ltd,India,,,
THRM.NS,Thirumalai Chemicals Ltd,India,,,
TEEC.NS,Techno Electric & Engineering Company Ltd,India,,,
TREI.NS,Triveni Engineering and Industries Ltd,India,,,
BECK.BO,ELANTAS Beck India Ltd,India,,,
GDYR.BO,Goodyear India Ltd,India,,,
HWKN.BO,Hawkins Cookers Ltd,India,,,
KENI.BO,Kennametal India Ltd,India,,,
KRFI.BO,Kirloskar Ferrous Industries Ltd,India,,,
NIRL.BO,Nirlon Ltd,India,,,
PAUS.BO,Paushak Ltd,India,,,
SPJT.BO,Spicejet Ltd,India,,,
KAMH.BO,Kama Holdings Ltd,India,,,
RLIN.NS,Reliance Infrastructure Ltd,India,,,
BAJA.NS,Bajaj Auto Ltd,India,,,
TVSH.NS,TVS Holdings Ltd,India,,,
GETD.NS,GE Vernova T&D India Ltd,India,,,
UBBW.NS,United Breweries Ltd,India,,,
ORCL.NS,Oracle Financial Services Software Ltd,India,,,
DELT.NS,Delta Corp Ltd,India,,,
HEID.NS,Heidelbergcement India Ltd,India,,,
MAHH.NS,Mahindra Holidays and Resorts India Ltd,India,,,
VNTI.NS,Vinati Organics Ltd,India,,,
ADAN.NS,Adani Power Ltd,India,,,
NHPC.NS,NHPC Ltd,India,,,
GLOS.NS,Globus Spirits Ltd,India,,,
OILI.NS,Oil India Ltd,India,,,
NATI.BO,National Standard (India) Ltd,India,,,
STWH.NS,Steel Strips Wheels Ltd,India,,,
CORF.NS,Coromandel International Ltd,India,,,
AJAN.NS,Amrutanjan Health Care Ltd,India,,,
SUNT.NS,Sunteck Realty Ltd,India,,,
ZYDS.NS,Zydus Wellness Ltd,India,,,
ICNT.NS,Indo Count Industries Ltd,India,,,
ATOA.NS,Automotive Axles Ltd,India,,,
BBRM.NS,"Bombay Burmah Trading Corporation, Ltd",India,,,
INRM.NS,Indoco Remedies Ltd,India,,,
IGLY.NS,India Glycols Ltd,India,,,
RKFO.NS,Ramkrishna Forgings Ltd,India,,,
PCBL.NS,PCBL Chemical Ltd,India,,,
VAIB.NS,Vaibhav Global Ltd,India,,,
TEIN.NS,Technocraft Industries (India) Ltd,India,,,
SUPE.NS,Suprajit Engineering Ltd,India,,,
SPTL.NS,Supreme Petrochem Ltd,India,,,
SDCH.NS,Sudarshan Chemical Industries Ltd,India,,,
SOCE.NS,Somany Ceramics Ltd,India,,,
SEAM.NS,Seamec Ltd,India,,,
VAKR.NS,Vakrangee Limited,India,,,
ASTE.NS,Astec Lifesciences Ltd,India,,,
SARE.NS,Saregama India Ltd,India,,,
SHME.NS,Shilpa Medicare Ltd,India,,,
SAEM.NS,Sarda Energy & Minerals Ltd,India,,,
AHLU.NS,Ahluwalia Contracts (India) Ltd,India,,,
JSWE.NS,JSW Energy Ltd,India,,,
GODR.NS,Godrej Properties Ltd,India,,,
BAYE.NS,Bayer Cropscience Ltd,India,,,
HCPR.NS,Hindustan Copper Ltd,India,,,
NEST.NS,Nestle India Ltd,India,,,
MMTC.NS,MMTC Ltd,India,,,
WHIR.NS,Whirlpool of India Ltd,India,,,
JUBI.NS,Jubilant Foodworks Ltd,India,,,
UNSP.NS,United Spirits Ltd,India,,,
ZFCV.NS,ZF Commercial Vehicle Control Systems India Ltd,India,,,
ABOT.NS,Abbott India Ltd,India,,,
HAWY.NS,Hathway Cable and Datacom Ltd,India,,,
MANI.NS,Man Infraconstruction Ltd,India,,,
PERS.NS,Persistent Systems Ltd,India,,,
SADH.NS,Sadhana Nitro Chem Ltd,India,,,
SINU.NS,Sindhu Trade Links Ltd,India,,,
LYMT.NS,Lloyds Metals and Energy Ltd,India,,,
SUMG.NS,Sandur Manganese and Iron Ores Ltd,India,,,
EURK.NS,Eureka Forbes Ltd,India,,,
TURB.KL,Turbo-Mech Bhd,Malaysia,,,
SINA.KL,Sinaran Advance Group Bhd,Malaysia,,,
CYBE.KL,Cyberjaya Education Group Bhd,Malaysia,,,
SHIN.KL,Shin Yang Group Bhd,Malaysia,,,
FOPT.KL,Focus Point Holdings Bhd,Malaysia,,,
SCCH.KL,SCC Holdings Bhd,Malaysia,,,
MGRC.KL,Malaysian Genomics Resource Centre Bhd,Malaysia,,,
CYPR.KL,Cypark Resources Bhd,Malaysia,,,
MHEB.KL,Malaysia Marine and Heavy Engineering Holdings Bhd,Malaysia,,,
AVAL.KL,Avaland Bhd,Malaysia,,,
PCGB.KL,PETRONAS Chemicals Group Bhd,Malaysia,,,
CARE.KL,Careplus Group Bhd,Malaysia,,,
HBGL.KL,HB Global Ltd,Malaysia,,,
MMMG.KL,MMM Group Bhd,Malaysia,,,
BJFO.KL,Berjaya Food Bhd,Malaysia,,,
MANS.KL,Managepay Systems Bhd,Malaysia,,,
BMGR.KL,BM Greentech Bhd,Malaysia,,,
MCLN.KL,MClean Technologies Bhd,Malaysia,,,
HIBI.KL,Hibiscus Petroleum Bhd,Malaysia,,,
XOXB.KL,XOX Bhd,Malaysia,,,
ESCB.KL,Eversendai Corporation Bhd,Malaysia,,,
MSMH.KL,MSM Malaysia Holdings Bhd,Malaysia,,,
BUAB.KL,Bumi Armada Bhd,Malaysia,,,
INAR.KL,Inari Amertron Bhd,Malaysia,,,
CATH.KL,Catcha Digital Bhd,Malaysia,,,
PLHB.KL,PeterLabs Holdings Bhd,Malaysia,,,
AWAN.KL,AwanBiru Technology Bhd,Malaysia,,,
SWAY.KL,Sunway Bhd,Malaysia,,,
VANT.KL,Vantris Energy Bhd,Malaysia,,,
PEIN.KL,PESTEC International Bhd,Malaysia,,,
FGVH.KL,FGV Holdings Bhd,Malaysia,,,
IHHH.KL,IHH Healthcare Bhd,Malaysia,,,
OCKG.KL,OCK Group Bhd,Malaysia,,,
GAQR.KL,Gabungan AQRS Bhd,Malaysia,,,
IGRE.KL,IGB Real Estate Investment Trust,Malaysia,,,
NEXB.KL,NexG Bhd,Malaysia,,,
ASTR.KL,Astro Malaysia Holdings Bhd,Malaysia,,,
HIAP.KL,Hiap Huat Holdings Bhd,Malaysia,,,
MATR.KL,Matrix Concepts Holdings Bhd,Malaysia,,,
LEON.KL,Leon Fuat Bhd,Malaysia,,,
IOIP.KL,IOI Properties Group Bhd,Malaysia,,,
VELE.KL,Velesto Energy Bhd,Malaysia,,,
AIRX.KL,AirAsia X Bhd,Malaysia,,,
SOIL.KL,Solid Automotive Bhd,Malaysia,,,
LIAN.KL,Lianson Fleet Group Berhad,Malaysia,,,
KARE.KL,Karex Bhd,Malaysia,,,
SEVE.KL,7-Eleven Malaysia Holdings Bhd,Malaysia,,,
WPHB.KL,Westports Holdings Bhd,Malaysia,,,
BERA.KL,Bermaz Auto Bhd,Malaysia,,,
TITI.KL,Titijaya Land Bhd,Malaysia,,,
MALA.KL,Malakoff Corp Bhd,Malaysia,,,
SAHO.KL,Sasbadi Holdings Bhd,Malaysia,,,
ECOH.KL,Econpile Holdings Bhd,Malaysia,,,
HHRG.KL,HHRG Bhd,Malaysia,,,
CARM.KL,Carimin Petroleum Bhd,Malaysia,,,
BIOA.KL,Bioalpha Holdings Bhd,Malaysia,,,
AEML.KL,Aemulus Holdings Bhd,Malaysia,,,
CHIU.KL,Chin Hin Group Bhd,Malaysia,,,
MYNE.KL,Mynews Holdings Bhd,Malaysia,,,
PECC.KL,Pecca Group Bhd,Malaysia,,,
SALU.KL,Salutica Bhd,Malaysia,,,
EWIC.KL,EWI Capital Bhd,Malaysia,,,
FOUN.KL,FoundPac Group Bhd,Malaysia,,,
HSSE.KL,HSS Engineers Bhd,Malaysia,,,
PERT.KL,Perak Transit Bhd,Malaysia,,,
BCMA.KL,BCM Alliance Bhd,Malaysia,,,
HLTG.KL,HLT Global Bhd,Malaysia,,,
KIPR.KL,KIP Real Estate Investment Trust,Malaysia,,,
EVES.KL,Eversafe Rubber Bhd,Malaysia,,,
CABN.KL,Cabnet Holdings Bhd,Malaysia,,,
LOTT.KL,Lotte Chemical Titan Holding Bhd,Malaysia,,,
KINE.KL,Kinergy Advancement Bhd,Malaysia,,,
SIPR.KL,Sime Darby Property Bhd,Malaysia,,,
SDGU.KL,SD Guthrie Bhd,Malaysia,,,
NOVW.KL,Nova Wellness Group Bhd,Malaysia,,,
BINC.KL,Binasat Communications Bhd,Malaysia,,,
GDBH.KL,GDB Holdings Bhd,Malaysia,,,
QESG.KL,QES Group Bhd,Malaysia,,,
TECB.KL,Techbond Group Bhd,Malaysia,,,
TRIM.KL,Tri-Mode System (M) Bhd,Malaysia,,,
MITE.KL,MI Technovation Bhd,Malaysia,,,
RADI.KL,Radiant Globaltech Bhd,Malaysia,,,
LEOG.KL,Leong Hup International Bhd,Malaysia,,,
GREA.KL,Greatech Technology Bhd,Malaysia,,,
AIMF.KL,AIMFLEX Bhd,Malaysia,,,
MEST.KL,Mestron Holdings Bhd,Malaysia,,,
HPMT.KL,HPMT Holdings Bhd,Malaysia,,,
OCEN.KL,Ocean Vantage Holdings Bhd,Malaysia,,,
KIMI.KL,Kim Hin Joo (Malaysia) Bhd,Malaysia,,,
UWCB.KL,UWC Bhd,Malaysia,,,
INNA.KL,InNature Bhd,Malaysia,,,
SOLA.KL,Solarvest Holdings Bhd,Malaysia,,,
AMEE.KL,AME Elite Consortium Bhd,Malaysia,,,
HPPH.KL,HPP Holdings Bhd,Malaysia,,,
ACOG.KL,ACO Group Bhd,Malaysia,,,
SKYW.KL,SkyWorld Development Bhd,Malaysia,,,
TELA.KL,Teladan Group Bhd,Malaysia,,,
OPTI.KL,Optimax Holdings Bhd,Malaysia,,,
TCSG.KL,Tcs Group Holdings Bhd,Malaysia,,,
SAMA.KL,Samaiden Group Bhd,Malaysia,,,
ANEK.KL,Aneka Jaringan Holdings Bhd,Malaysia,,,
ECOR.KL,Econframe Bhd,Malaysia,,,
MRDI.KL,Mr DIY Group (M) Bhd,Malaysia,,,
CTOS.KL,CTOS Digital Bhd,Malaysia,,,
SWIF.KL,Swift Haulage Bhd,Malaysia,,,
ECOM.KL,Ecomate Holdings Bhd,Malaysia,,,
CORA.KL,Coraza Integrated Technology Bhd,Malaysia,,,
MNHL.KL,MN Holdings Bhd,Malaysia,,,
AURE.KL,Aurelius Technologies Bhd,Malaysia,,,
SENH.KL,Senheng New Retail Bhd,Malaysia,,,
FARM.KL,Farm Fresh Bhd,Malaysia,,,
SFPT.KL,SFP Tech Holdings Bhd,Malaysia,,,
LGMS.KL,LGMS Bhd,Malaysia,,,
PTRS.KL,PT Resources Holdings Bhd,Malaysia,,,
INFO.KL,Infoline Tec Group Bhd,Malaysia,,,
CPET.KL,CPE Technology Bhd,Malaysia,,,
ITMA.KL,ITMAX System Bhd,Malaysia,,,
AMER.KL,AME Real Estate Investment Trust,Malaysia,,,
ECAI.KL,ECA Integrated Solution Bhd,Malaysia,,,
NATI.KL,NationGate Holdings Bhd,Malaysia,,,
WELL.KL,Wellspire Holdings Bhd,Malaysia,,,
MSTG.KL,MST Golf Group Bhd,Malaysia,,,
OPPS.KL,Oppstar Bhd,Malaysia,,,
AUTC.KL,AutoCount Dotcom Bhd,Malaysia,,,
SYNE.KL,Synergy House Bhd,Malaysia,,,
THEA.KL,Three-A Resources Bhd,Malaysia,,,
ADVE.KL,Adventa Bhd,Malaysia,,,
AEOM.KL,AEON CO (M) Bhd,Malaysia,,,
APER.KL,Apex Healthcare Bhd,Malaysia,,,
AIMD.KL,Advance Information Marketing Bhd,Malaysia,,,
CAPI.KL,Capital A Berhad,Malaysia,,,
PRTB.KL,PRIVASIA Technology Bhd,Malaysia,,,
PARW.KL,Parkwood Holdings Bhd,Malaysia,,,
AJIN.KL,Ajinomoto (Malaysia) Bhd,Malaysia,,,
AJIY.KL,Ajiya Bhd,Malaysia,,,
ANRE.KL,Analabs Resources Bhd,Malaysia,,,
ANCM.KL,Ancom Nylex Bhd,Malaysia,,,
ANNJ.KL,Ann Joo Resources Bhd,Malaysia,,,
APMA.KL,APM Automotive Holdings Bhd,Malaysia,,,
AMRY.KL,AmanahRaya Real Estate Investment Trust,Malaysia,,,
ADVA.KL,Advance Synergy Bhd,Malaysia,,,
ASPY.KL,Asia Poly Holdings Bhd,Malaysia,,,
VIZI.KL,Vizione Holdings Bhd,Malaysia,,,
AXSR.KL,Axis Real Estate Investment Trust,Malaysia,,,
AZRB.KL,Ahmad Zaki Resources Bhd,Malaysia,,,
AUMA.KL,AuMas Resources Bhd,Malaysia,,,
BATO.KL,British American Tobacco (Malaysia) Bhd,Malaysia,,,
BDBS.KL,Bina Darulaman Bhd,Malaysia,,,
NEXT.KL,Nextgreen Global Bhd,Malaysia,,,
SPOR.KL,Sports Toto Bhd,Malaysia,,,
BLAD.KL,Berjaya Land Bhd,Malaysia,,,
BGRO.KL,Berjaya Corporation Bhd,Malaysia,,,
CHIN.KL,Chin Hin Group Property Bhd,Malaysia,,,
SYML.KL,Symphony Life Bhd,Malaysia,,,
BONI.KL,Bonia Corporation Bhd,Malaysia,,,
BPPL.KL,BP Plastics Holding Bhd,Malaysia,,,
BPAC.KL,Bright Packaging Industry Bhd,Malaysia,,,
CABC.KL,CAB Cakaran Corporation Bhd,Malaysia,,,
CNON.KL,Can-One Bhd,Malaysia,,,
CBMS.KL,Carlsberg Brewery Malaysia Bhd,Malaysia,,,
CBIP.KL,CB Industrial Product Holding Bhd,Malaysia,,,
HONG.KL,Hong Seng Consolidated Bhd,Malaysia,,,
CCKH.KL,CCK Consolidated Holdings Bhd,Malaysia,,,
DUOP.KL,Duopharma Biotech Bhd,Malaysia,,,
CJCE.KL,CJ Century Logistics Holdings Bhd,Malaysia,,,
CTPB.KL,Chin Teck Plantations Bhd,Malaysia,,,
CWHB.KL,Chin Well Holdings Bhd,Malaysia,,,
CMSM.KL,Cahya Mata Sarawak Bhd,Malaysia,,,
CITR.KL,Citra Nusa Holdings Bhd,Malaysia,,,
CTAL.KL,Coastal Contracts Bhd,Malaysia,,,
HEXE.KL,Hextar Technologies Solutions Bhd,Malaysia,,,
HEXI.KL,Hextar Retail Bhd,Malaysia,,,
ALDR.KL,Aldrich Resources Bhd,Malaysia,,,
CYLC.KL,CYL Corp Bhd,Malaysia,,,
DOVT.KL,D & O Green Technologies Bhd,Malaysia,,,
SCIE.KL,Scientex Packaging (Ayer Keroh) Bhd,Malaysia,,,
DATA.KL,Dataprep Holdings Bhd,Malaysia,,,
DEHB.KL,Dayang Enterprise Holdings Bhd,Malaysia,,,
DLEU.KL,Deleum Bhd,Malaysia,,,
WAVE.KL,WAVEFRONT Bhd,Malaysia,,,
RGBI.KL,RGB International Bhd,Malaysia,,,
DIAL.KL,Dialog Group Bhd,Malaysia,,,
CELC.KL,CelcomDigi Bhd,Malaysia,,,
TROP.KL,Tropicana Corporation Bhd,Malaysia,,,
PINE.KL,Pineapple Resources Bhd,Malaysia,,,
DELM.KL,DKSH Holdings (Malaysia) Bhd,Malaysia,,,
DRBM.KL,DRB-HICOM Bhd,Malaysia,,,
DUFU.KL,Dufu Technology Corp Bhd,Malaysia,,,
DUTA.KL,DutaLand Bhd,Malaysia,,,
ENOB.KL,Eastern & Oriental Bhd,Malaysia,,,
ECOF.KL,EcoFirst Consolidated Bhd,Malaysia,,,
EXFM.KL,Excel Force MSC Bhd,Malaysia,,,
EGCM.KL,EG Industries Bhd,Malaysia,,,
EKOV.KL,Ekovest Bhd,Malaysia,,,
EKSN.KL,Eksons Corporation Bhd,Malaysia,,,
ELSR.KL,Elsoft Research Bhd,Malaysia,,,
ETEX.KL,Engtex Group Bhd,Malaysia,,,
STRA.KL,Straits Energy Resources Bhd,Malaysia,,,
EPMB.KL,EP Manufacturing Bhd,Malaysia,,,
ESCM.KL,ES Ceramics Technology Bhd,Malaysia,,,
PTMR.KL,Petron Malaysia Refining & Marketing Bhd,Malaysia,,,
ERHB.KL,Euro Holdings Bhd,Malaysia,,,
EVGN.KL,Evergreen Fibreboard Bhd,Malaysia,,,
APPA.KL,AppAsia Bhd,Malaysia,,,
FRAS.KL,Fraser & Neave Holdings Bhd,Malaysia,,,
UEME.KL,UEM Edgenta Bhd,Malaysia,,,
FBGH.KL,FBG Holdings Bhd,Malaysia,,,
FVCO.KL,Favelle Favco Bhd,Malaysia,,,
FIAM.KL,Fiamma Holdings Bhd,Malaysia,,,
ECOW.KL,Eco World Development Group Bhd,Malaysia,,,
FPIB.KL,Formosa Prosonic Industries Bhd,Malaysia,,,
OMES.KL,Omesti Bhd,Malaysia,,,
FMHB.KL,FM Global Logistics Holdings Bhd,Malaysia,,,
FRKN.KL,Frontken Corporation Bhd,Malaysia,,,
KREJ.KL,Kerjaya Prospek Group Bhd,Malaysia,,,
GAMU.KL,Gamuda Bhd,Malaysia,,,
GADA.KL,Gadang Holdings Bhd,Malaysia,,,
GDEX.KL,Gdex Bhd,Malaysia,,,
GENT.KL,Genting Bhd,Malaysia,,,
GESH.KL,GE-SHEN Corporation Bhd,Malaysia,,,
GKMS.KL,George Kent (Malaysia) Bhd,Malaysia,,,
HCKC.KL,HCK Capital Group Bhd,Malaysia,,,
GOPK.KL,Gopeng Bhd,Malaysia,,,
JOEH.KL,Joe Holding Bhd,Malaysia,,,
GRNP.KL,Green Packet Bhd,Malaysia,,,
NCTA.KL,NCT Alliance Bhd,Malaysia,,,
GNIC.KL,Globetronics Technology Bhd,Malaysia,,,
GNCH.KL,Guan Chong Bhd,Malaysia,,,
BESH.KL,Beshom Holdings Bhd,Malaysia,,,
HAPS.KL,Hap Seng Consolidated Bhd,Malaysia,,,
HARR.KL,Harbour-Link Group Bhd,Malaysia,,,
HTHB.KL,Hartalega Holdings Bhd,Malaysia,,,
HLEN.KL,Harn Len Corporation Bhd,Malaysia,,,
HEKR.KL,Hektar Real Estate Investment Trust,Malaysia,,,
HEVE.KL,HeveaBoard Bhd,Malaysia,,,
HTVE.KL,Hiap Teck Venture Bhd,Malaysia,,,
ASIA.KL,Asia Brands Bhd,Malaysia,,,
HLIB.KL,Hong Leong Industries Bhd,Malaysia,,,
HHCS.KL,Ho Hup Construction Company Bhd,Malaysia,,,
HAPP.KL,Hap Seng Plantations Holdings Bhd,Malaysia,,,
HSIB.KL,Hup Seng Industries Bhd,Malaysia,,,
HOWA.KL,Ho Wah Genting Bhd,Malaysia,,,
IBHD.KL,I-Bhd,Malaysia,,,
IFCA.KL,IFCA MSC Bhd,Malaysia,,,
IJMS.KL,IJM Corporation Bhd,Malaysia,,,
NUEN.KL,Nuenergy Holdings Bhd,Malaysia,,,
IMSP.KL,Imaspro Corporation Bhd,Malaysia,,,
IOIB.KL,IOI Corporation Bhd,Malaysia,,,
JENT.KL,Jentayu Sustainables Bhd,Malaysia,,,
COMF.KL,Comfort Gloves Bhd,Malaysia,,,
JAKS.KL,JAKS Resources Bhd,Malaysia,,,
JAYC.KL,Jaycorp Bhd,Malaysia,,,
JFTB.KL,JF Technology Bhd,Malaysia,,,
JHMC.KL,JHM Consolidation Bhd,Malaysia,,,
ABLE.KL,Able Global Bhd,Malaysia,,,
JTIA.KL,Jaya Tiasa Holdings Bhd,Malaysia,,,
KONE.KL,K-One Technology Bhd,Malaysia,,,
KWNF.KL,Kawan Food Bhd,Malaysia,,,
ONEG.KL,One Glove Group Bhd,Malaysia,,,
KESM.KL,KESM Industries Bhd,Malaysia,,,
WCEH.KL,WCE Holdings Bhd,Malaysia,,,
KKBE.KL,KKB Engineering Berhad,Malaysia,,,
KLCC.KL,KLCCP Stapled Group,Malaysia,,,
KLKK.KL,Kuala Lumpur Kepong Bhd,Malaysia,,,
KIML.KL,Kim Loong Resources Bhd,Malaysia,,,
KNMP.KL,KNM Group Bhd,Malaysia,,,
KOBA.KL,Kobay Technology Bhd,Malaysia,,,
KRIB.KL,Kossan Rubber Industries Bhd,Malaysia,,,
KPJH.KL,KPJ Healthcare Bhd,Malaysia,,,
RENE.KL,Reneuco Bhd,Malaysia,,,
KPSB.KL,Kumpulan Perangsang Selangor Bhd,Malaysia,,,
KSLH.KL,KSL Holdings Bhd,Malaysia,,,
KUBM.KL,KUB Malaysia Bhd,Malaysia,,,
LAND.KL,Land & General Bhd,Malaysia,,,
LAYH.KL,Lay Hong Bhd,Malaysia,,,
LBSB.KL,Lbs Bina Group Bhd,Malaysia,,,
LHEN.KL,Lii Hen Industries Bhd,Malaysia,,,
LLBM.KL,Lion Industries Corporation Bhd,Malaysia,,,
EDUS.KL,Eduspec Holdings Bhd,Malaysia,,,
SAEG.KL,SAM Engineering & Equipment (M) Bhd,Malaysia,,,
MALY.KL,Malayan Cement Bhd,Malaysia,,,
LTER.KL,Luster Industries Bhd,Malaysia,,,
XOXT.KL,XOX Technology Bhd,Malaysia,,,
MATE.KL,Magni-Tech Industries Bhd,Malaysia,,,
MAHS.KL,Mah Sing Group Bhd,Malaysia,,,
MLTO.KL,Malton Bhd,Malaysia,,,
MSWK.KL,Malaysia Steel Works (KL) Bhd,Malaysia,,,
MAYB.KL,Maybulk Bhd,Malaysia,,,
MBMR.KL,MBM Resources Bhd,Malaysia,,,
MPRM.KL,Media Prima Bhd,Malaysia,,,
METR.KL,MKH Bhd,Malaysia,,,
MEGA.KL,Mega First Corporation Bhd,Malaysia,,,
MFMS.KL,Malayan Flour Mills Bhd,Malaysia,,,
MCRK.KL,Microlink Solutions Bhd,Malaysia,,,
MILU.KL,Milux Corporation Bhd,Malaysia,,,
MISC.KL,MISC Bhd,Malaysia,,,
PESO.KL,Pesona Metro Holdings Bhd,Malaysia,,,
MITR.KL,Mitrajaya Holdings Bhd,Malaysia,,,
MAGM.KL,Magnum Bhd,Malaysia,,,
MPIM.KL,Malaysian Pacific Industries Bhd,Malaysia,,,
MQTE.KL,MQ Technology Bhd,Malaysia,,,
MYRS.KL,Malaysian Resources Corporation Bhd,Malaysia,,,
MSCB.KL,Malaysia Smelting Corporation Bhd,Malaysia,,,
MTOU.KL,mTouche Technology Bhd,Malaysia,,,
MUDA.KL,Muda Holdings Bhd,Malaysia,,,
MUHI.KL,Muhibbah Engineering (M) Bhd,Malaysia,,,
MUIB.KL,Malayan United Industries Bhd,Malaysia,,,
ZETR.KL,Zetrix AI Bhd,Malaysia,,,
NCHB.KL,Naim Holdings Bhd,Malaysia,,,
HUMC.KL,Hume Cement Industries Bhd,Malaysia,,,
POWE.KL,Power Root Bhd,Malaysia,,,
NESM.KL,Nestle (Malaysia) Bhd,Malaysia,,,
NHFH.KL,New Hoong Fatt Holdings Bhd,Malaysia,,,
NVTE.KL,Notion VTec Bhd,Malaysia,,,
NTPM.KL,NTPM Holdings Bhd,Malaysia,,,
HEXC.KL,Hextar Capital Bhd,Malaysia,,,
PARB.KL,PA Resources Bhd,Malaysia,,,
PDNI.KL,Padini Holdings Berhad,Malaysia,,,
RGTB.KL,RGT Bhd,Malaysia,,,
PNTE.KL,Pantech Group Holdings Bhd,Malaysia,,,
PRMS.KL,Paramount Corporation Bhd,Malaysia,,,
PRKN.KL,Parkson Holdings Bhd,Malaysia,,,
PBSB.KL,PBS Bhd,Malaysia,,,
PMAS.KL,Pentamaster Corporation Bhd,Malaysia,,,
PTRE.KL,Petra Energy Bhd,Malaysia,,,
PETR.KL,Petronas Dagangan Bhd,Malaysia,,,
PGAS.KL,Petronas Gas Bhd,Malaysia,,,
PTRD.KL,Perdana Petroleum Bhd,Malaysia,,,
PHMA.KL,Pharmaniaga Bhd,Malaysia,,,
PIEN.KL,PIE Industrial Bhd,Malaysia,,,
PJSB.KL,PJBumi Bhd,Malaysia,,,
PLSB.KL,PLS Plantations Bhd,Malaysia,,,
PMBT.KL,PMB Technology Bhd,Malaysia,,,
PMET.KL,Press Metal Aluminium Holdings Bhd,Malaysia,,,
PHUA.KL,Poh Huat Resources Holdings Bhd,Malaysia,,,
POHK.KL,Poh Kong Holdings Bhd,Malaysia,,,
PGFC.KL,PGF Capital Bhd,Malaysia,,,
PSHL.KL,Pos Malaysia Bhd,Malaysia,,,
PEPT.KL,PPB Group Bhd,Malaysia,,,
PPHB.KL,Public Packages Holdings Bhd,Malaysia,,,
PTAR.KL,Prestar Resources Bhd,Malaysia,,,
TECE.KL,Techbase Industries Bhd,Malaysia,,,
PUCB.KL,PUC Bhd,Malaysia,,,
PANS.KL,Pansar Bhd,Malaysia,,,
QRES.KL,QL Resources Bhd,Malaysia,,,
RAPD.KL,Rapid Synergy Bhd,Malaysia,,,
RIMB.KL,Rimbunan Sawit Bhd,Malaysia,,,
HEXR.KL,Hextar Healthcare Bhd,Malaysia,,,
SLCN.KL,Salcon Bhd,Malaysia,,,
SAIH.KL,Sanichi Technology Bhd,Malaysia,,,
DEST.KL,Destini Bhd,Malaysia,,,
SCGB.KL,SCGM Bhd,Malaysia,,,
SCIB.KL,Sarawak Consolidated Industries Bhd,Malaysia,,,
SCCM.KL,Scicom (MSC) Bhd,Malaysia,,,
STIK.KL,Scientex Bhd,Malaysia,,,
SEDU.KL,SEG International Bhd,Malaysia,,,
SKOU.KL,Sern Kou Resources Bhd,Malaysia,,,
HENY.KL,Hengyuan Refining Company Bhd,Malaysia,,,
SGNA.KL,Signature International Bhd,Malaysia,,,
SIME.KL,Sime Darby Bhd,Malaysia,,,
INNO.KL,Innoprise Plantations Bhd,Malaysia,,,
SENI.KL,Seni Jaya Corporation Bhd,Malaysia,,,
SKPR.KL,SKP Resources Bhd,Malaysia,,,
SLPB.KL,SLP Resources Bhd,Malaysia,,,
SLEG.KL,Solution Group Bhd,Malaysia,,,
SOPS.KL,Sarawak Oil Palms Bhd,Malaysia,,,
SETI.KL,S P Setia Bhd,Malaysia,,,
STEE.KL,Southern Steel Bhd,Malaysia,,,
STAR.KL,Star Media Group Bhd,Malaysia,,,
YTLR.KL,YTL Hospitality REIT,Malaysia,,,
MARI.KL,Marine & General Bhd,Malaysia,,,
SPLH.KL,Superlon Holdings Bhd,Malaysia,,,
SUPM.KL,Supermax Corporation Bhd,Malaysia,,,
SURI.KL,Suria Capital Holdings Bhd,Malaysia,,,
SPLN.KL,Sarawak Plantation Bhd,Malaysia,,,
SYCA.KL,Sycal Ventures Bhd,Malaysia,,,
RANH.KL,Ranhill Utilities Bhd,Malaysia,,,
TAAN.KL,Ta Ann Holdings Bhd,Malaysia,,,
TAFI.KL,TAFI Industries Bhd,Malaysia,,,
TWRK.KL,Taliworks Corporation Bhd,Malaysia,,,
GOLD.KL,Golden Land Bhd,Malaysia,,,
TANC.KL,Tanco Holdings Bhd,Malaysia,,,
TASC.KL,TASCO Bhd,Malaysia,,,
TWHB.KL,Ta Win Holdings Bhd,Malaysia,,,
TDMS.KL,TDM Bhd,Malaysia,,,
IWCI.KL,Iskandar Waterfront City Bhd,Malaysia,,,
FAST.KL,Fast Energy Holdings Bhd,Malaysia,,,
XOXN.KL,XOX Networks Bhd,Malaysia,,,
TENA.KL,Tenaga Nasional Bhd,Malaysia,,,
TEXC.KL,Texchem Resources Bhd,Malaysia,,,
TXCY.KL,Tex Cycle Technology (M) Bhd,Malaysia,,,
TGIB.KL,Thong Guan Industries Bhd,Malaysia,,,
THPB.KL,TH Plantations Bhd,Malaysia,,,
TCOM.KL,TIME dotCom Bhd,Malaysia,,,
DNEX.KL,Dagang NeXchange Bhd,Malaysia,,,
TLMM.KL,Telekom Malaysia Bhd,Malaysia,,,
TMCN.KL,TMC Life Sciences Bhd,Malaysia,,,
AXIA.KL,Axiata Group Bhd,Malaysia,,,
TNTT.KL,Tiong Nam Logistics Holdings Bhd,Malaysia,,,
TMEI.KL,Tomei Consolidated Bhd,Malaysia,,,
TOMY.KL,Tomypak Holdings Bhd,Malaysia,,,
THRB.KL,Tong Herr Resources Bhd,Malaysia,,,
TPGC.KL,Top Glove Corporation Bhd,Malaysia,,,
TRCG.KL,TRC Synergy Bhd,Malaysia,,,
TSHR.KL,TSH Resources Bhd,Malaysia,,,
UCHI.KL,Uchi Technologies Bhd,Malaysia,,,
UULI.KL,United U-LI Corporation Bhd,Malaysia,,,
UNSM.KL,Unisem (M) Bhd,Malaysia,,,
UPAB.KL,UPA Corporation Bhd,Malaysia,,,
UTPS.KL,United Plantations Bhd,Malaysia,,,
MGBB.KL,MGB Bhd,Malaysia,,,
VSDY.KL,VisDynamics Holdings Bhd,Malaysia,,,
VTRX.KL,ViTrox Corporation Bhd,Malaysia,,,
SYST.KL,Systech Bhd,Malaysia,,,
VSID.KL,VS Industry Bhd,Malaysia,,,
WGZH.KL,Wang-Zheng Bhd,Malaysia,,,
WASC.KL,Wasco Bhd,Malaysia,,,
WCTE.KL,WCT Holdings Bhd,Malaysia,,,
WCAL.KL,Wellcall Holdings Bhd,Malaysia,,,
WLOW.KL,Willowglen MSC Bhd,Malaysia,,,
WTKH.KL,W T K Holdings Bhd,Malaysia,,,
CITA.KL,Citaglobal Bhd,Malaysia,,,
YGLC.KL,Ygl Convergence Bhd,Malaysia,,,
YINS.KL,Yinson Holdings Berhad,Malaysia,,,
YSPS.KL,YSP Southeast Asia Holding Bhd,Malaysia,,,
YTLS.KL,YTL Corporation Bhd,Malaysia,,,
YTLP.KL,YTL Power International Bhd,Malaysia,,,
ZHCO.KL,Zhulian Corp Bhd,Malaysia,,,
CSTH.KL,CSC Steel Holdings Bhd,Malaysia,,,
LCBH.KL,Luxchem Corporation Bhd,Malaysia,,,
INNY.KL,Innity Corporation Bhd,Malaysia,,,
UZMA.KL,Uzma Bhd,Malaysia,,,
TSCP.KL,Teo Seng Capital Bhd,Malaysia,,,
UMSB.KL,UEM Sunrise Bhd,Malaysia,,,
SAHB.KL,Samchem Holdings Bhd,Malaysia,,,
GENP.KL,Genting Plantations Bhd,Malaysia,,,
GENM.KL,Genting Malaysia Bhd,Malaysia,,,
ROHA.KL,Rohas Tecnic Bhd,Malaysia,,,
HEIN.KL,Heineken Malaysia Bhd,Malaysia,,,
MIKB.KL,Mikro MSC Bhd,Malaysia,,,
HEXT.KL,Hextar Global Bhd,Malaysia,,,
KELG.KL,Kelington Group Bhd,Malaysia,,,
MXSC.KL,Maxis Bhd,Malaysia,,,
DGBA.KL,DGB Asia Bhd,Malaysia,,,
NETX.KL,NetX Holdings Bhd,Malaysia,,,
ANCO.KL,Ancom Logistics Bhd,Malaysia,,,
JCYI.KL,JCY International Bhd,Malaysia,,,
HOME.KL,Homeritz Corporation Bhd,Malaysia,,,
VSTE.KL,VSTECS Bhd,Malaysia,,,
OVER.KL,Oversea Enterprise Bhd,Malaysia,,,
SUNW.KL,Sunway Real Estate Investment Trust,Malaysia,,,
CLOD.KL,Cloudpoint Technology Bhd,Malaysia,,,
DCHE.KL,DC Healthcare Holdings Bhd,Malaysia,,,
MKHO.KL,MKH Oil Palm (East Kalimantan) Bhd,Malaysia,,,
MYMB.KL,MYMBN Bhd,Malaysia,,,
KGWG.KL,KGW Group Bhd,Malaysia,,,
GLOS.KL,Glostrext Bhd,Malaysia,,,
SSFH.KL,SSF Home Group Bhd,Malaysia,,,
MINO.KL,Minox International Group Bhd,Malaysia,,,
PLYT.KL,PLYTEC Holding Bhd,Malaysia,,,
PAND.KL,Panda Eco System Bhd,Malaysia,,,
CRIT.KL,Critical Holdings Bhd,Malaysia,,,
HEGR.KL,He Group Bhd,Malaysia,,,
KJTS.KL,KJTS Group Berhad,Malaysia,,,
TSAG.KL,TSA Group Bhd,Malaysia,,,
AGXG.KL,AGX Group Bhd,Malaysia,,,
PROL.KL,Prolintas Infra Business Trust,Malaysia,,,
WENT.KL,Wentel Engineering Holdings Bhd,Malaysia,,,
TOPM.KL,Topmix Bhd,Malaysia,,,
ALPA.KL,Alpha IVF Group Bhd,Malaysia,,,
SPEE.KL,99 Speed Mart Retail Holdings Bhd,Malaysia,,,
SINK.KL,Sin-Kung Logistics Bhd,Malaysia,,,
PGOLD.PS,Puregold Price Club Inc,Philippines,,,
EMI.PS,Emperador Inc,Philippines,,,
GTCAP.PS,GT Capital Holdings Inc,Philippines,,,
RRHI.PS,Robinsons Retail Holdings Inc,Philippines,,,
DMW.PS,D.M. Wenceslao & Associates Inc,Philippines,,,
WLCON.PS,Wilcon Depot Inc,Philippines,,,
MONDE.PS,Monde Nissin Corp,Philippines,,,
CNVRG.PS,Converge Information and Communications Technology Solutions Inc,Philippines,,,
BLOOM.PS,Bloomberry Resorts Corp,Philippines,,,
AC.PS,Ayala Corp,Philippines,,,
AEV.PS,Aboitiz Equity Ventures Inc,Philippines,,,
AGI.PS,Alliance Global Group Inc,Philippines,,,
ALI.PS,Ayala Land Inc,Philippines,,,
AP.PS,Aboitiz Power Corp,Philippines,,,
DMC.PS,DMCI Holdings Inc,Philippines,,,
GLO.PS,Globe Telecom Inc,Philippines,,,
ICT.PS,International Container Terminal Services Inc,Philippines,,,
JFC.PS,Jollibee Foods Corp,Philippines,,,
JGS.PS,JG Summit Holdings Inc,Philippines,,,
MEG.PS,Megaworld Corp,Philippines,,,
MER.PS,Manila Electric Co,Philippines,,,
MWC.PS,Manila Water Company Inc,Philippines,,,
RLC.PS,Robinsons Land Corp,Philippines,,,
SCC.PS,Semirara Mining and Power Corporation,Philippines,,,
SM.PS,SM Investments Corp,Philippines,,,
SMC.PS,San Miguel Corp,Philippines,,,
SMPH.PS,SM Prime Holdings Inc,Philippines,,,
ACEN.PS,Acen Corp,Philippines,,,
LTG.PS,LT Group Inc,Philippines,,,
TEL.PS,PLDT Inc,Philippines,,,
URC.PS,Universal Robina Corp,Philippines,,,
LHCJ.J,Life Healthcare Group Holdings Ltd,South Africa,,,
BTNJ.J,Burstone Group Ltd,South Africa,,,
MPTJ.J,Mpact Ltd,South Africa,,,
NTUJ.J,Nutun Ltd,South Africa,,,
ATTJ.J,Attacq Ltd,South Africa,,,
EQUJ.J,Equites Property Fund Ltd,South Africa,,,
DCPJ.J,Dis-Chem Pharmacies Ltd,South Africa,,,
BIDJ.J,Bid Corporation Ltd,South Africa,,,
NRPJ.J,Nepi Rockcastle NV,South Africa,,,
PPHJ.J,Pepkor Holdings Ltd,South Africa,,,
CAAJ.J,CA Sales Holdings Ltd,South Africa,,,
TGAJ.J,Thungela Resources Ltd,South Africa,,,
SSWJ.J,Sibanye Stillwater Ltd,South Africa,,,
SSUJ.J,Southern Sun Ltd,South Africa,,,
MTHJ.J,Motus Holdings Ltd,South Africa,,,
MCGJ.J,MultiChoice Group Ltd,South Africa,,,
ACLJ.J,Arcelormittal South Africa Ltd,South Africa,,,
ADHJ.J,Advtech Ltd,South Africa,,,
ADRJ.J,Adcorp Holdings,South Africa,,,
AEGJ.J,Aveng Ltd,South Africa,,,
AFEJ.J,AECI Ltd,South Africa,,,
VALJ.J,Valterra Platinum Ltd,South Africa,,,
APNJ.J,Aspen Pharmacare Holdings Ltd,South Africa,,,
ARIJ.J,African Rainbow Minerals Ltd,South Africa,,,
ARLJ.J,Astral Foods Ltd,South Africa,,,
AELJ.J,Altron Ltd,South Africa,,,
AVIJ.J,Avi Ltd,South Africa,,,
BAWJ.J,Barloworld Ltd,South Africa,,,
BELJ.J,Bell Equipment Ltd,South Africa,,,
BLUJ.J,Blu Label Unlimited Group Ltd,South Africa,,,
BRTJ.J,Brimstone Investment Corporation Ltd,South Africa,,,
BVTJ.J,Bidvest Group Ltd,South Africa,,,
CLHJ.J,City Lodge Hotels Ltd,South Africa,,,
CSBJ.J,Cashbuild Ltd,South Africa,,,
DRDJ.J,DRDGOLD Ltd,South Africa,,,
DTCJ.J,Datatec Ltd,South Africa,,,
EMIJ.J,Emira Property Fund Ltd,South Africa,,,
IOCJ.J,iOCO Ltd,South Africa,,,
EXXJ.J,Exxaro Resources Ltd,South Africa,,,
FBRJ.J,Famous Brands Ltd,South Africa,,,
TFGJ.J,Foschini Group Ltd,South Africa,,,
TSGJ.J,Tsogo Sun Ltd,South Africa,,,
GFIJ.J,Gold Fields Ltd,South Africa,,,
GNDJ.J,Grindrod Ltd,South Africa,,,
GRTJ.J,Growthpoint Properties Ltd,South Africa,,,
HARJ.J,Harmony Gold Mining Company Ltd,South Africa,,,
HCIJ.J,Hosken Consolidated Investments Ltd,South Africa,,,
HDCJ.J,Hudaco Industries Ltd,South Africa,,,
HLMJ.J,Hulamin Ltd,South Africa,,,
HYPJ.J,Hyprop Investments Ltd,South Africa,,,
IMPJ.J,Impala Platinum Holdings Ltd,South Africa,,,
IVTJ.J,Invicta Holdings Ltd,South Africa,,,
KAPJ.J,Kap Ltd,South Africa,,,
KIOJ.J,Kumba Iron Ore Ltd,South Africa,,,
LEWJ.J,Lewis Group Ltd,South Africa,,,
MRPJ.J,Mr Price Group Ltd,South Africa,,,
MRFJ.J,Merafe Resources Ltd,South Africa,,,
MTAJ.J,Metair Investments Ltd,South Africa,,,
MTNJ.J,MTN Group Ltd,South Africa,,,
MURJ.J,Murray & Roberts Holdings Ltd,South Africa,,,
NPHJ.J,Northam Platinum Holdings Ltd,South Africa,,,
NPKJ.J,Nampak Ltd,South Africa,,,
NPNJn.J,Naspers Ltd,South Africa,,,
NTCJ.J,Netcare Ltd,South Africa,,,
OMNJ.J,Omnia Holdings Ltd,South Africa,,,
PIKJ.J,Pick N Pay Stores Ltd,South Africa,,,
PPCJ.J,PPC Ltd,South Africa,,,
RBXJ.J,Raubex Group Ltd,South Africa,,,
RCLJ.J,RCL Foods Ltd,South Africa,,,
RDFJ.J,Redefine Properties Ltd,South Africa,,,
RESJ.J,Resilient Reit Ltd,South Africa,,,
RLOJ.J,Reunert Ltd,South Africa,,,
SACJ.J,SA Corporate Real Estate Ltd,South Africa,,,
SAPJ.J,Sappi Ltd,South Africa,,,
SHPJ.J,Shoprite Holdings Ltd,South Africa,,,
SOLJ.J,Sasol Ltd,South Africa,,,
SPGJ.J,Super Group Ltd,South Africa,,,
SPPJ.J,SPAR Group Ltd,South Africa,,,
SUIJ.J,Sun International Ltd,South Africa,,,
TBSJ.J,Tiger Brands Ltd,South Africa,,,
TKGJ.J,Telkom SA SOC Ltd,South Africa,,,
TONJ.J,Tongaat Hulett Ltd,South Africa,,,
TRUJ.J,Truworths International Ltd,South Africa,,,
VKEJ.J,Vukile Property Fund Ltd,South Africa,,,
WBOJ.J,Wilson Bayly Holmes - Ovcon Ltd,South Africa,,,
WHLJ.J,Woolworths Holdings Ltd,South Africa,,,
GPLJ.J,Grand Parade Investments Ltd,South Africa,,,
AIPJ.J,Adcock Ingram Holdings Ltd,South Africa,,,
SSKJ.J,Stefanutti Stocks Holdings Ltd,South Africa,,,
SURJ.J,Spur Corporation Ltd,South Africa,,,
WEZJ.J,Wesizwe Platinum Ltd,South Africa,,,
GMLJ.J,Gemfields Group Ltd,South Africa,,,
OCEJ.J,Oceana Group Ltd,South Africa,,,
OCTJ.J,Octodec Investments Ltd,South Africa,,,
VODJ.J,Vodacom Group Ltd,South Africa,,,
CLSJ.J,Clicks Group Ltd,South Africa,,,
FFBJ.J,Fortress Real Estate Investments Ltd,South Africa,,,
WBCJ.J,We Buy Cars Holdings Ltd,South Africa,,,
