folder_path,folder_name,company_name,company_code,similarity_score,status
Giang/USBL.NS,USBL.NS,Usha Martin Ltd,USBL.NS,1.0,matched
Thái/PBSB.KL,PBSB.KL,PBS Bhd,PBSB.KL,1.0,matched
Giang/INED.NS,INED.NS,Info Edge (India) Ltd,INED.NS,1.0,matched
Thái/FRAS.KL,FRAS.KL,Fraser & Neave Holdings Bhd,FRAS.KL,1.0,matched
Giang/HIKA.NS,HIKA.NS,Hikal Ltd,HIKA.NS,1.0,matched
Giang/RELI.NS,RELI.NS,Reliance Industries Ltd,RELI.NS,1.0,matched
Thái/PEPT.KL,PEPT.KL,PPB Group Bhd,PEPT.KL,1.0,matched
Vân/Murray & Roberts Holdings Ltd,Murray & Roberts Holdings Ltd,Murray & Roberts Holdings Ltd,MURJ.J,1.0000000000000002,matched
Giang/BRGR.NS,BRGR.NS,Berger Paints India Ltd,BRGR.NS,1.0,matched
Giang/ZYDU.NS,ZYDU.NS,Zydus Lifesciences Ltd,ZYDU.NS,1.0,matched
Vân/Genting Malaysia Bhd,Genting Malaysia Bhd,Genting Malaysia Bhd,GENM.KL,1.0000000000000002,matched
Dương/188.COMU.NS,188.COMU.NS,Computer Age Management Services Ltd,COMU.NS,1.0,matched
Thái/MLTO.KL,MLTO.KL,Malton Bhd,MLTO.KL,1.0,matched
Dương/156.NEOE.NS,156.NEOE.NS,Neogen Chemicals Ltd,NEOE.NS,1.0,matched
Thái/BESH.KL,BESH.KL,Beshom Holdings Bhd,BESH.KL,1.0,matched
Thái/GAMU.KL,GAMU.KL,Gamuda Bhd,GAMU.KL,1.0,matched
Dương/198.JUBN.NS,198.JUBN.NS,Jubilant Ingrevia Ltd,JUBN.NS,1.0,matched
Giang/BIRS.NS,BIRS.NS,Birlasoft Ltd,BIRS.NS,1.0,matched
Dương/139. GMMP,139. GMMP,GMM Pfaudler Ltd,GMMP.NS,1.0,matched
Dương/95. ALKE,95. ALKE,Alkem Laboratories Ltd,ALKE.NS,1.0,matched
Giang/CEAT.NS,CEAT.NS,CEAT Ltd,CEAT.NS,1.0,matched
Vân/Fast Energy Holdings Bhd,Fast Energy Holdings Bhd,Fast Energy Holdings Bhd,FAST.KL,1.0000000000000002,matched
Vân/Fortress Real Estate Investments Ltd,Fortress Real Estate Investments Ltd,Fortress Real Estate Investments Ltd,FFBJ.J,1.0000000000000002,matched
Dương/207 + IDIP.NS,207 + IDIP.NS,India Pesticides Ltd,IDIP.NS,1.0,matched
Thái/ABLE.KL,ABLE.KL,Able Global Bhd,ABLE.KL,1.0,matched
Giang/CIEA.NS,CIEA.NS,CIE Automotive India Ltd,CIEA.NS,1.0,matched
Vân/Sunway Real Estate Investment Trust,Sunway Real Estate Investment Trust,Sunway Real Estate Investment Trust,SUNW.KL,1.0000000000000002,matched
Giang/ASTL.NS,ASTL.NS,Astral Ltd,ASTL.NS,1.0,matched
Giang/JKIN.NS,JKIN.NS,JK Tyre & Industries Ltd,JKIN.NS,1.0,matched
Dương/152.GLAD.NS,152.GLAD.NS,Gland Pharma Ltd,GLAD.NS,1.0,matched
Giang/FINX.NS,FINX.NS,Finolex Industries Ltd,FINX.NS,1.0,matched
Giang/IOC.NS,IOC.NS,Indian Oil Corporation Ltd,IOC.NS,1.0,matched
Dương/190.RESR.NS,190.RESR.NS,Restaurant Brands Asia Ltd,RESR.NS,1.0,matched
Giang/GMDC.NS,GMDC.NS,Gujarat Mineral Development Corporation Ltd,GMDC.NS,1.0,matched
Vân/Emira Property Fund Ltd,Emira Property Fund Ltd,Emira Property Fund Ltd,EMIJ.J,1.0000000000000002,matched
Giang/KIRI.NS,KIRI.NS,Kiri Industries Ltd,KIRI.NS,1.0,matched
Thái/EPMB.KL,EPMB.KL,EP Manufacturing Bhd,EPMB.KL,1.0,matched
Dương/94. LUXI,94. LUXI,Lux Industries Ltd,LUXI.NS,1.0,matched
Giang/HZNC.NS,HZNC.NS,Hindustan Zinc Ltd,HZNC.NS,1.0,matched
Vân/Robinsons Land Corp,Robinsons Land Corp,Robinsons Land Corp,RLC.PS,1.0000000000000002,matched
Vân/Ygl Convergence Bhd,Ygl Convergence Bhd,Ygl Convergence Bhd,YGLC.KL,1.0000000000000002,matched
Thái/JAKS.KL,JAKS.KL,JAKS Resources Bhd,JAKS.KL,1.0,matched
Giang/GOCP.NS,GOCP.NS,Godrej Consumer Products Ltd,GOCP.NS,1.0,matched
Giang/ARVN.NS,ARVN.NS,Arvind Ltd,ARVN.NS,1.0,matched
Giang/JKIP.NS,JKIP.NS,J Kumar Infraprojects Ltd,JKIP.NS,1.0,matched
Vân/Poh Kong Holding Bhd,Poh Kong Holding Bhd,Poh Kong Holdings Bhd,POHK.KL,0.28825378403927715,unmatched
Thái/KPSB.KL,KPSB.KL,Kumpulan Perangsang Selangor Bhd,KPSB.KL,1.0,matched
Vân/Gemfields Group Ltd,Gemfields Group Ltd,Gemfields Group Ltd,GMLJ.J,1.0000000000000002,matched
Thái/MUIB.KL,MUIB.KL,Malayan United Industries Bhd,MUIB.KL,1.0,matched
Thái/WCEH.KL,WCEH.KL,WCE Holdings Bhd,WCEH.KL,1.0,matched
Vân/ViTrox Corporation Bhd,ViTrox Corporation Bhd,ViTrox Corporation Bhd,VTRX.KL,1.0000000000000002,matched
Thái/PLSB.KL,PLSB.KL,PLS Plantations Bhd,PLSB.KL,1.0,matched
Thái/RENE.KL,RENE.KL,Reneuco Bhd,RENE.KL,1.0,matched
Thái/GOPK.KL,GOPK.KL,Gopeng Bhd,GOPK.KL,1.0,matched
Giang/VOTL.NS,VOTL.NS,Voltamp Transformers Ltd,VOTL.NS,1.0,matched
Vân/Signature International Bhd,Signature International Bhd,Signature International Bhd,SGNA.KL,1.0000000000000002,matched
Vân/Hulamin Ltd,Hulamin Ltd,Hulamin Ltd,HLMJ.J,1.0,matched
Vân/Tomei Consolidated Bhd,Tomei Consolidated Bhd,Tomei Consolidated Bhd,TMEI.KL,1.0000000000000002,matched
Thái/ZETR.KL,ZETR.KL,Zetrix AI Bhd,ZETR.KL,1.0,matched
Thái/ECOW.KL,ECOW.KL,Eco World Development Group Bhd,ECOW.KL,1.0,matched
Giang/VART.NS,VART.NS,Vardhman Textiles Ltd,VART.NS,1.0,matched
Thái/MFMS.KL,MFMS.KL,Malayan Flour Mills Bhd,MFMS.KL,1.0,matched
Giang/CGPO.NS,CGPO.NS,CG Power and Industrial Solutions Ltd,CGPO.NS,1.0,matched
Dương/10. VHM,10. VHM,Vinhomes JSC,VHM.HM,1.0,matched
Dương/31. DPNT,31. DPNT,Deepak Nitrite Ltd,DPNT.NS,1.0,matched
Dương/175.HIIL.NS,175.HIIL.NS,Hindware Home Innovation Ltd,HIIL.NS,1.0,matched
Vân/Famous Brands Ltd,Famous Brands Ltd,Famous Brands Ltd,FBRJ.J,1.0000000000000002,matched
Dương/52. PLMD,52. PLMD,Poly Medicure Ltd,PLMD.NS,1.0,matched
Dương/122. GRSE,122. GRSE,Garden Reach Shipbuilders & Engineers Ltd,GRSE.NS,1.0,matched
Vân/Globe Telecom Inc,Globe Telecom Inc,Globe Telecom Inc,GLO.PS,1.0000000000000002,matched
Dương/244 + AJPH.NS,244 + AJPH.NS,Ajanta Pharma Ltd,AJPH.NS,1.0,matched
Giang/LART.NS,LART.NS,Larsen and Toubro Ltd,LART.NS,1.0,matched
Thái/OMES.KL,OMES.KL,Omesti Bhd,OMES.KL,1.0,matched
Thái/PGFC.KL,PGFC.KL,PGF Capital Bhd,PGFC.KL,1.0,matched
Dương/82. PIVI,82. PIVI,Privi Speciality Chemicals Ltd,PIVI.NS,1.0,matched
Vân/Naspers Ltd,Naspers Ltd,Naspers Ltd,NPNJn.J,1.0,matched
Thái/RGBI.KL,RGBI.KL,RGB International Bhd,RGBI.KL,1.0,matched
Vân/Bid Corporation Ltd,Bid Corporation Ltd,Bid Corporation Ltd,BIDJ.J,1.0000000000000002,matched
Thái/LAYH.KL,LAYH.KL,Lay Hong Bhd,LAYH.KL,1.0,matched
Dương/66. ADIA,66. ADIA,Aditya Birla Fashion and Retail Ltd,ADIA.NS,1.0,matched
Dương/105. SHEF,105. SHEF,Sheela Foam Ltd,SHEF.NS,1.0,matched
Thái/LBSB.KL,LBSB.KL,Lbs Bina Group Bhd,LBSB.KL,1.0,matched
Giang/CIPL.NS,CIPL.NS,Cipla Ltd,CIPL.NS,1.0,matched
Thái/NTPM.KL,NTPM.KL,NTPM Holdings Bhd,NTPM.KL,1.0,matched
Vân/DMCI Holdings Inc,DMCI Holdings Inc,DMCI Holdings Inc,DMC.PS,1.0000000000000002,matched
Giang/NKML.NS,NKML.NS,Nilkamal Ltd,NKML.NS,1.0,matched
Dương/232 + GRMO.NS,232 + GRMO.NS,GRM Overseas Ltd,GRMO.NS,1.0,matched
Vân/Emperador Inc,Emperador Inc,Emperador Inc,EMI.PS,1.0,matched
Giang/HLL.NS,HLL.NS,Hindustan Unilever Ltd,HLL.NS,1.0,matched
Dương/194.HLEG.NS,194.HLEG.NS,HLE Glascoat Ltd,HLEG.NS,1.0,matched
Vân/Scientex Bhd,Scientex Bhd,Scientex Bhd,STIK.KL,1.0000000000000002,matched
Vân/Grindrod Ltd,Grindrod Ltd,Grindrod Ltd,GNDJ.J,1.0,matched
Vân/MultiChoice Group Ltd,MultiChoice Group Ltd,MultiChoice Group Ltd,MCGJ.J,1.0000000000000002,matched
Giang/APLO.NS,APLO.NS,Apollo Tyres Ltd,APLO.NS,1.0,matched
Thái/PTRD.KL,PTRD.KL,Perdana Petroleum Bhd,PTRD.KL,1.0,matched
Dương/228 + TEGA.NS,228 + TEGA.NS,Tega Industries Ltd,TEGA.NS,1.0,matched
Giang/JBMA.NS,JBMA.NS,JBM Auto Ltd,JBMA.NS,1.0,matched
Giang/CSFL.NS,CSFL.NS,Cosmo First Ltd,CSFL.NS,1.0,matched
Dương/167.WEST.NS,167.WEST.NS,Westlife Foodworld Ltd,WEST.NS,1.0,matched
Dương/99. SEQU,99. SEQU,SeQuent Scientific Ltd,SEQU.NS,1.0,matched
Dương/48. MAIT,48. MAIT,Maithan Alloys Ltd,MAIT.NS,1.0,matched
Giang/ERDY.NS,ERDY.NS,Eveready Industries India Ltd,ERDY.NS,1.0,matched
Giang/SAMD.NS,SAMD.NS,Samvardhana Motherson International Ltd,SAMD.NS,1.0,matched
Thái/LAND.KL,LAND.KL,Land & General Bhd,LAND.KL,1.0,matched
Thái/PETR.KL,PETR.KL,Petronas Dagangan Bhd,PETR.KL,1.0,matched
Giang/JKCE.NS,JKCE.NS,J K Cement Ltd,JKCE.NS,1.0,matched
Thái/FRKN.KL,FRKN.KL,Frontken Corporation Bhd,FRKN.KL,1.0,matched
Dương/ANUY.NS,ANUY.NS,Anupam Rasayan India Ltd,ANUY.NS,1.0,matched
Vân/Vukile Property Fund Ltd,Vukile Property Fund Ltd,Vukile Property Fund Ltd,VKEJ.J,1.0000000000000002,matched
Dương/89. TLSV,89. TLSV,TeamLease Services Ltd,TLSV.NS,1.0,matched
Giang/GRVL.NS,GRVL.NS,Greaves Cotton Ltd,GRVL.NS,1.0,matched
Thái/ETEX.KL,ETEX.KL,Engtex Group Bhd,ETEX.KL,1.0,matched
Giang/BANN.NS,BANN.NS,Bannari Amman Sugars Ltd,BANN.NS,1.0,matched
Vân/Brimstone Investment Corporation Ltd,Brimstone Investment Corporation Ltd,Brimstone Investment Corporation Ltd,BRTJ.J,1.0000000000000002,matched
Vân/LTG,LTG,LT Group Inc,LTG.PS,1.0,matched
Dương/35. RSPO,35. RSPO,Responsive Industries Ltd,RSPO.NS,1.0,matched
Giang/BLAC.NS,BLAC.NS,Black Box Ltd,BLAC.NS,1.0,matched
Giang/PAFO.NS,PAFO.NS,Patanjali Foods Ltd,PAFO.NS,1.0,matched
Dương/43. SYMP,43. SYMP,Symphony Ltd,SYMP.NS,1.0,matched
Giang/HALC.NS,HALC.NS,Hindalco Industries Ltd,HALC.NS,1.0,matched
Dương/116. TABE,116. TABE,Tasty Bite Eatables Ltd,TABE.NS,1.0,matched
Dương/IDIP.NS,IDIP.NS,India Pesticides Ltd,IDIP.NS,1.0,matched
Giang/ECLE.NS,ECLE.NS,eClerx Services Limited,ECLE.NS,1.0,matched
Giang/GHFC.NS,GHFC.NS,Ganesh Housing Ltd,GHFC.NS,1.0,matched
Thái/HSIB.KL,HSIB.KL,Hup Seng Industries Bhd,HSIB.KL,1.0,matched
Thái/MAYB.KL,MAYB.KL,Maybulk Bhd,MAYB.KL,1.0,matched
Thái/MCRK.KL,MCRK.KL,Microlink Solutions Bhd,MCRK.KL,1.0,matched
Thái/MYRS.KL,MYRS.KL,Malaysian Resources Corporation Bhd,MYRS.KL,1.0,matched
Thái/SLCN.KL,SLCN.KL,Salcon Bhd,SLCN.KL,1.0,matched
Vân/TIME dotCom Bhd,TIME dotCom Bhd,Time Technoplast Ltd,TIME.NS,1.0,matched
Vân/SEG Company,SEG Company,Rupa & Company Ltd,RUCL.NS,0.20199309249791833,unmatched
Giang/KECL.NS,KECL.NS,KEC International Ltd,KECL.NS,1.0,matched
Giang/BACH.NS,BACH.NS,Balrampur Chini Mills Ltd,BACH.NS,1.0,matched
Dương/24. KDH,24. KDH,Khang Dien House Trading and Investment JSC,KDH.HM,1.0,matched
Dương/235 + ARTI.NS,235 + ARTI.NS,Aarti Industries Ltd,ARTI.NS,1.0,matched
Giang/RAID.NS,RAID.NS,Rain Industries Ltd,RAID.NS,1.0,matched
Giang/MAHM.NS,MAHM.NS,Mahindra and Mahindra Ltd,MAHM.NS,1.0,matched
Dương/104. LTEH,104. LTEH,L&T Technology Services Ltd,LTEH.NS,1.0,matched
Vân/Aveng Ltd,Aveng Ltd,Aveng Ltd,AEGJ.J,1.0,matched
Thái/CELC.KL,CELC.KL,CelcomDigi Bhd,CELC.KL,1.0,matched
Giang/BAMN.NS,BAMN.NS,Balaji Amines Ltd,BAMN.NS,1.0,matched
Vân/Innoprise Plantations Bhd,Innoprise Plantations Bhd,Innoprise Plantations Bhd,INNO.KL,1.0000000000000002,matched
Dương/155. ADAG,155. ADAG,Adani Total Gas Ltd,ADAG.NS,1.0,matched
Thái/SCCM.KL,SCCM.KL,Scicom (MSC) Bhd,SCCM.KL,1.0,matched
Giang/FISO.NS,FISO.NS,Firstsource Solutions Ltd,FISO.NS,1.0,matched
Dương/93. NARY,93. NARY,Narayana Hrudayalaya Ltd,NARY.NS,1.0,matched
Thái/ASPY.KL,ASPY.KL,Asia Poly Holdings Bhd,ASPY.KL,1.0,matched
Vân/ayala land inc,ayala land inc,Ayala Land Inc,ALI.PS,1.0000000000000002,matched
Giang/TITN.NS,TITN.NS,Titan Company Ltd,TITN.NS,1.0,matched
Thái/ELSR.KL,ELSR.KL,Elsoft Research Bhd,ELSR.KL,1.0,matched
Dương/217 + GOFA.NS,217 + GOFA.NS,Go Fashion (India) Ltd,GOFA.NS,1.0,matched
Giang/BASF.NS,BASF.NS,BASF India Ltd,BASF.NS,1.0,matched
Vân/Heineken Malaysia Bhd,Heineken Malaysia Bhd,Heineken Malaysia Bhd,HEIN.KL,1.0000000000000002,matched
Thái/TROP.KL,TROP.KL,Tropicana Corporation Bhd,TROP.KL,1.0,matched
Vân/Pick n Pay,Pick n Pay,Pick N Pay Stores Ltd,PIKJ.J,0.5797386715376658,matched
Giang/KAPT.NS,KAPT.NS,Kalpataru Projects International Ltd,KAPT.NS,1.0,matched
Dương/17. KBC,17. KBC,Kinhbac City Development Holding Corp,KBC.HM,1.0,matched
Vân/Pepkor Holdings Ltd,Pepkor Holdings Ltd,Pepkor Holdings Ltd,PPHJ.J,1.0000000000000002,matched
Giang/TORP.NS,TORP.NS,Torrent Pharmaceuticals Ltd,TORP.NS,1.0,matched
Thái/PGAS.KL,PGAS.KL,Petronas Gas Bhd,PGAS.KL,1.0,matched
Giang/GLEN.NS,GLEN.NS,Glenmark Pharmaceuticals Ltd,GLEN.NS,1.0,matched
Dương/191.CRAF.NS,191.CRAF.NS,Craftsman Automation Ltd,CRAF.NS,1.0,matched
Thái/ENOB.KL,ENOB.KL,Eastern & Oriental Bhd,ENOB.KL,1.0,matched
Vân/JG Summit Holdings Inc,JG Summit Holdings Inc,JG Summit Holdings Inc,JGS.PS,1.0,matched
Vân/Texchem Resources Bhd,Texchem Resources Bhd,Texchem Resources Bhd,TEXC.KL,1.0000000000000002,matched
Vân/SM Investments Corp,SM Investments Corp,SM Investments Corp,SM.PS,1.0,matched
Thái/IMSP.KL,IMSP.KL,Imaspro Corporation Bhd,IMSP.KL,1.0,matched
Dương/39. KIRP,39. KIRP,Kirloskar Pneumatic Company Ltd,KIRP.NS,1.0,matched
Giang/JKLC.NS,JKLC.NS,JK Lakshmi Cement Ltd,JKLC.NS,1.0,matched
Thái/ALDR.KL,ALDR.KL,Aldrich Resources Bhd,ALDR.KL,1.0,matched
Giang/NSEN.NS,NSEN.NS,Nesco Ltd,NSEN.NS,1.0,matched
Thái/DLEU.KL,DLEU.KL,Deleum Bhd,DLEU.KL,1.0,matched
Dương/53. RUCL,53. RUCL,Rupa & Company Ltd,RUCL.NS,1.0,matched
Dương/55. MINC,55. MINC,Minda Corporation Ltd,MINC.NS,1.0,matched
Vân/Clicks Group Ltd,Clicks Group Ltd,Clicks Group Ltd,CLSJ.J,1.0000000000000002,matched
Dương/222 + VEDN.NS,222 + VEDN.NS,Vedant Fashions Ltd,VEDN.NS,1.0,matched
Vân/Cashbuild Ltd,Cashbuild Ltd,Cashbuild Ltd,CSBJ.J,1.0,matched
Thái/ADVE.KL,ADVE.KL,Adventa Bhd,ADVE.KL,1.0,matched
Thái/MATE.KL,MATE.KL,Magni-Tech Industries Bhd,MATE.KL,1.0,matched
Thái/CJCE.KL,CJCE.KL,CJ Century Logistics Holdings Bhd,CJCE.KL,1.0,matched
Thái/WAVE.KL,WAVE.KL,WAVEFRONT Bhd,WAVE.KL,1.0,matched
Dương/239 + ADEL.NS,239 + ADEL.NS,Adani Enterprises Ltd,ADEL.NS,1.0,matched
Dương/241 + AMAR.NS,241 + AMAR.NS,Amara Raja Energy & Mobility Ltd,AMAR.NS,1.0,matched
Dương/205 + KRII.NS,205 + KRII.NS,Krishna Institute of Medical Sciences Ltd,KRII.NS,1.0,matched
Giang/PRIS.NS,PRIS.NS,Prism Johnson Ltd,PRIS.NS,1.0,matched
Thái/PMBT.KL,PMBT.KL,PMB Technology Bhd,PMBT.KL,1.0,matched
Thái/PMET.KL,PMET.KL,Press Metal Aluminium Holdings Bhd,PMET.KL,1.0,matched
Thái/DUTA.KL,DUTA.KL,DutaLand Bhd,DUTA.KL,1.0,matched
Giang/FDC.NS,FDC.NS,F D C Ltd,FDC.NS,1.0,matched
Giang/KEIN.NS,KEIN.NS,KEI Industries Ltd,KEIN.NS,1.0,matched
Dương/144.ADNA.NS,144.ADNA.NS,Adani Green Energy Ltd,ADNA.NS,1.0,matched
Vân/Sun International Ltd,Sun International Ltd,Sun International Ltd,SUIJ.J,1.0000000000000002,matched
Thái/HAPP.KL,HAPP.KL,Hap Seng Plantations Holdings Bhd,HAPP.KL,1.0,matched
Thái/DRBM.KL,DRBM.KL,DRB-HICOM Bhd,DRBM.KL,1.0,matched
Dương/23. CTD,23. CTD,Coteccons Construction JSC,CTD.HM,1.0,matched
Dương/86. INGL,86. INGL,Interglobe Aviation Ltd,INGL.NS,1.0,matched
Thái/SAEG.KL,SAEG.KL,SAM Engineering & Equipment (M) Bhd,SAEG.KL,1.0,matched
Vân/iOCO Ltd,iOCO Ltd,iOCO Ltd,IOCJ.J,1.0,matched
Thái/ANNJ.KL,ANNJ.KL,Ann Joo Resources Bhd,ANNJ.KL,1.0,matched
Dương/153.METP.NS,153.METP.NS,Metropolis Healthcare Ltd,METP.NS,1.0,matched
Vân/JCY International Bhd,JCY International Bhd,JCY International Bhd,JCYI.KL,1.0,matched
Vân/Sasol Ltd,Sasol Ltd,Sasol Ltd,SOLJ.J,1.0,matched
Thái/UEME.KL,UEME.KL,UEM Edgenta Bhd,UEME.KL,1.0,matched
Dương/172.GUJL.NS,172.GUJL.NS,Gujarat Fluorochemicals Ltd,GUJL.NS,1.0,matched
Vân/VisDynamics Holdings Bhd,VisDynamics Holdings Bhd,VisDynamics Holdings Bhd,VSDY.KL,1.0000000000000002,matched
Giang/GRNN.NS,GRNN.NS,Grindwell Norton Ltd,GRNN.NS,1.0,matched
Thái/MSWK.KL,MSWK.KL,Malaysia Steel Works (KL) Bhd,MSWK.KL,1.0,matched
Giang/TACN.NS,TACN.NS,Tata Consumer Products Ltd,TACN.NS,1.0,matched
Vân/Lewis Group Ltd,Lewis Group Ltd,Lewis Group Ltd,LEWJ.J,1.0000000000000002,matched
Vân/Southern Steel Bhd,Southern Steel Bhd,Southern Steel Bhd,STEE.KL,1.0000000000000002,matched
Thái/ADVA.KL,ADVA.KL,Advance Synergy Bhd,ADVA.KL,1.0,matched
Giang/TVSM.NS,TVSM.NS,TVS Motor Company Ltd,TVSM.NS,1.0,matched
Giang/CUMM.NS,CUMM.NS,Cummins India Ltd,CUMM.NS,1.0,matched
Dương/121. BARA,121. BARA,Bharat Dynamics Ltd,BARA.NS,1.0,matched
Dương/6. GEX,6. GEX,Gelex Group JSC,GEX.HM,1.0,matched
Vân/Nepi Rockcastle NV,Nepi Rockcastle NV,No Va Land Investment Group Corp,NVL.HM,1.0,matched
Vân/VS Industry Bhd,VS Industry Bhd,VST Tillers Tractors Ltd,VST.NS,1.0,matched
Dương/SAPI.NS,SAPI.NS,Sapphire Foods India Ltd,SAPI.NS,1.0,matched
Vân/WCT Holdings Bhd,WCT Holdings Bhd,WCT Holdings Bhd,WCTE.KL,1.0,matched
Dương/178.SUMH.NS,178.SUMH.NS,Sumitomo Chemical India Ltd,SUMH.NS,1.0,matched
Thái/HEKR.KL,HEKR.KL,Hektar Real Estate Investment Trust,HEKR.KL,1.0,matched
Vân/Sarawak palm oil Bhd,Sarawak palm oil Bhd,Can-One Bhd,CNON.KL,0.24395572500006343,unmatched
Vân/Barloworld Ltd,Barloworld Ltd,Barloworld Ltd,BAWJ.J,1.0,matched
Giang/DIVI.NS,DIVI.NS,Divi's Laboratories Ltd,DIVI.NS,1.0,matched
Vân/Teo Seng Capital Bhd,Teo Seng Capital Bhd,Teo Seng Capital Bhd,TSCP.KL,1.0000000000000002,matched
Thái/NVTE.KL,NVTE.KL,Notion VTec Bhd,NVTE.KL,1.0,matched
Giang/GGAS.NS,GGAS.NS,Gujarat Gas Ltd,GGAS.NS,1.0,matched
Dương/96. ENDU,96. ENDU,Endurance Technologies Ltd,ENDU.NS,1.0,matched
Giang/JBCH.NS,JBCH.NS,J B Chemicals and Pharmaceuticals Ltd,JBCH.NS,1.0,matched
Dương/85. ADAI,85. ADAI,Adani Energy Solutions Ltd,ADAI.NS,1.0,matched
Vân/Telekom Malaysia Bhd,Telekom Malaysia Bhd,Telekom Malaysia Bhd,TLMM.KL,1.0000000000000002,matched
Dương/112. TCIE,112. TCIE,TCI Express Ltd,TCIE.NS,1.0,matched
Vân/CSC Steel Holdings Bhd,CSC Steel Holdings Bhd,CSC Steel Holdings Bhd,CSTH.KL,1.0000000000000002,matched
Dương/150. AFFL.NS,150. AFFL.NS,Affle 3i Ltd,AFFL.NS,1.0,matched
Thái/METR.KL,METR.KL,MKH Bhd,METR.KL,1.0,matched
Thái/TECE.KL,TECE.KL,Techbase Industries Bhd,TECE.KL,1.0,matched
Thái/HTHB,HTHB,Hartalega Holdings Bhd,HTHB.KL,1.0,matched
Dương/ENEY.NS,ENEY.NS,,,0.0,unmatched
Giang/BJEL.NS,BJEL.NS,Bajaj Electricals Ltd,BJEL.NS,1.0,matched
Thái/GNCH.KL,GNCH.KL,Guan Chong Bhd,GNCH.KL,1.0,matched
Thái/KRIB.KL,KRIB.KL,Kossan Rubber Industries Bhd,KRIB.KL,1.0,matched
Thái/CCKH.KL,CCKH.KL,CCK Consolidated Holdings Bhd,CCKH.KL,1.0,matched
Vân/Tex Cycle Technology (M) Bhd,Tex Cycle Technology (M) Bhd,Tex Cycle Technology (M) Bhd,TXCY.KL,1.0000000000000002,matched
Dương/8. NVL,8. NVL,No Va Land Investment Group Corp,NVL.HM,1.0,matched
Thái/ANRE.KL,ANRE.KL,Analabs Resources Bhd,ANRE.KL,1.0,matched
Dương/220 + VIJA.NS,220 + VIJA.NS,Vijaya Diagnostic Centre Ltd,VIJA.NS,1.0,matched
Dương/137. NAZA,137. NAZA,Nazara Technologies Ltd,NAZA.NS,1.0,matched
Giang/WCKH.NS,WCKH.NS,Wockhardt Ltd,WCKH.NS,1.0,matched
Vân/UZMA,UZMA,Uzma Bhd,UZMA.KL,1.0,matched
Vân/SM Prime Holdings Inc,SM Prime Holdings Inc,SM Investments Corp,SM.PS,1.0,matched
Vân/Willowglen MSC Bhd,Willowglen MSC Bhd,Malaysia Smelting Corporation Bhd,MSCB.KL,1.0,matched
Vân/Octodec Investments Ltd,Octodec Investments Ltd,Octodec Investments Ltd,OCTJ.J,1.0000000000000002,matched
Vân/Innity Corporation Bhd,Innity Corporation Bhd,Innity Corporation Bhd,INNY.KL,1.0000000000000002,matched
Vân/TAFI Industries Bhd,TAFI Industries Bhd,TAFI Industries Bhd,TAFI.KL,1.0,matched
Giang/GDFR.NS,GDFR.NS,Godfrey Phillips India Ltd,GDFR.NS,1.0,matched
Thái/KPJH.KL,KPJH.KL,KPJ Healthcare Bhd,KPJH.KL,1.0,matched
Vân/Hyprop Investments Ltd,Hyprop Investments Ltd,Hyprop Investments Ltd,HYPJ.J,1.0000000000000002,matched
Vân/Mr Price Group Ltd,Mr Price Group Ltd,Mr Price Group Ltd,MRPJ.J,1.0000000000000002,matched
Giang/GRPH.NS,GRPH.NS,Graphite India Ltd,GRPH.NS,1.0,matched
Thái/NEXT.KL,NEXT.KL,Nextgreen Global Bhd,NEXT.KL,1.0,matched
Vân/MTN Group Ltd,MTN Group Ltd,MTN Group Ltd,MTNJ.J,1.0,matched
Giang/ESCO.NS,ESCO.NS,Escorts Kubota Ltd,ESCO.NS,1.0,matched
Dương/103. VARB,103. VARB,Varun Beverages Ltd,VARB.NS,1.0,matched
Dương/16. HPG,16. HPG,Hoa Phat Group JSC,HPG.HM,1.0,matched
Vân/Northam Platinum Holdings Ltd,Northam Platinum Holdings Ltd,Northam Platinum Holdings Ltd,NPHJ.J,1.0000000000000002,matched
Dương/POLC.NS,POLC.NS,Polycab India Ltd,POLC.NS,1.0,matched
Thái/KKBE.KL,KKBE.KL,KKB Engineering Berhad,KKBE.KL,1.0,matched
Thái/LLBM.KL,LLBM.KL,Lion Industries Corporation Bhd,LLBM.KL,1.0,matched
Vân/Thong Guan Industries Bhd,Thong Guan Industries Bhd,Thong Guan Industries Bhd,TGIB.KL,1.0000000000000002,matched
Vân/Wesizwe,Wesizwe,Wesizwe Platinum Ltd,WEZJ.J,0.4494364165239821,matched
Dương/54. APLA,54. APLA,APL Apollo Tubes Ltd,APLA.NS,1.0,matched
Thái/MAGM.KL,MAGM.KL,Magnum Bhd,MAGM.KL,1.0,matched
Vân/International Container Terminal Services Inc,International Container Terminal Services Inc,International Container Terminal Services Inc,ICT.PS,1.0000000000000002,matched
Vân/RCL Foods Ltd,RCL Foods Ltd,RCL Foods Ltd,RCLJ.J,1.0,matched
Dương/160.ARVF.NS,160.ARVF.NS,Arvind Fashions Ltd,ARVF.NS,1.0,matched
Dương/131. AMBE,131. AMBE,Amber Enterprises India Ltd,AMBE.NS,1.0,matched
Thái/IJMS.KL,IJMS.KL,IJM Corporation Bhd,IJMS.KL,1.0,matched
Dương/125. DIXO,125. DIXO,Dixon Technologies (India) Ltd,DIXO.NS,1.0,matched
Giang/DWAR.NS,DWAR.NS,Dwarikesh Sugar Industries Ltd,DWAR.NS,1.0,matched
Giang/MRCO.NS,MRCO.NS,Marico Ltd,MRCO.NS,1.0,matched
Vân/Ranhill Utilities Bhd,Ranhill Utilities Bhd,Ranhill Utilities Bhd,RANH.KL,1.0000000000000002,matched
Thái/PRMS.KL,PRMS.KL,Paramount Corporation Bhd,PRMS.KL,1.0,matched
Dương/92. GINF,92. GINF,G R Infraprojects Ltd,GINF.NS,1.0,matched
Dương/154.HERN.NS,154.HERN.NS,Heranba Industries Ltd,HERN.NS,1.0,matched
Vân/Uchi Technologies Bhd,Uchi Technologies Bhd,Uchi Technologies Bhd,UCHI.KL,1.0000000000000002,matched
Giang/PFIZ.NS,PFIZ.NS,Pfizer Ltd,PFIZ.NS,1.0,matched
Dương/120. MISR,120. MISR,Mishra Dhatu Nigam Ltd,MISR.NS,1.0,matched
Dương/TRIE.NS,TRIE.NS,Trident Ltd,TRIE.NS,1.0,matched
Thái/KREJ.KL,KREJ.KL,Kerjaya Prospek Group Bhd,KREJ.KL,1.0,matched
Vân/GT Capital Holdings Inc,GT Capital Holdings Inc,GT Capital Holdings Inc,GTCAP.PS,1.0,matched
Giang/ESAB.NS,ESAB.NS,ESAB India Ltd,ESAB.NS,1.0,matched
Giang/EPLI.NS,EPLI.NS,EPL Ltd,EPLI.NS,1.0,matched
Thái/CNON.KL,CNON.KL,Can-One Bhd,CNON.KL,1.0,matched
Thái/PIEN.KL,PIEN.KL,PIE Industrial Bhd,PIEN.KL,1.0,matched
Thái/CITR.KL,CITR.KL,Citra Nusa Holdings Bhd,CITR.KL,1.0,matched
Dương/INIR.NS,INIR.NS,Indian Railway Catering and Tourism Corporation Ltd,INIR.NS,1.0,matched
Giang/GAIL.NS,GAIL.NS,Gail (India) Ltd,GAIL.NS,1.0,matched
Vân/Scicom,Scicom,Scicom (MSC) Bhd,SCCM.KL,0.3032160644503863,matched
Thái/MSCB.KL,MSCB.KL,Malaysia Smelting Corporation Bhd,MSCB.KL,1.0,matched
Dương/3. MWG,3. MWG,Mobile World Investment Corp,MWG.HM,1.0,matched
Giang/ARBN.NS,ARBN.NS,Aurobindo Pharma Ltd,ARBN.NS,1.0,matched
Dương/206 + SONB.NS,206 + SONB.NS,Sona BLW Precision Forgings Ltd,SONB.NS,1.0,matched
Dương/14. HBC,14. HBC,Hoa Binh Construction Group JSC,HBC.HNO,1.0,matched
Thái/DUOP.KL,DUOP.KL,Duopharma Biotech Bhd,DUOP.KL,1.0,matched
Giang/ELGE.NS,ELGE.NS,Elgi Equipments Ltd,ELGE.NS,1.0,matched
Dương/221 + SPRL.NS,221 + SPRL.NS,Supriya Lifescience Ltd,SPRL.NS,1.0,matched
Giang/TIME.NS,TIME.NS,Time Technoplast Ltd,TIME.NS,1.0,matched
Giang/BRIT.NS,BRIT.NS,Britannia Industries Ltd,BRIT.NS,1.0,matched
Thái/SPOR.KL,SPOR.KL,Sports Toto Bhd,SPOR.KL,1.0,matched
Giang/JAIR.NS,JAIR.NS,Jain Irrigation Systems Ltd,JAIR.NS,1.0,matched
Dương/185.ROSB.NS,185.ROSB.NS,Rossari Biotech Ltd,ROSB.NS,1.0,matched
Giang/LMVL.NS,LMVL.NS,LMW Ltd,LMVL.NS,1.0,matched
Giang/JAYN.NS,JAYN.NS,Jayaswal Neco Industries Ltd,JAYN.NS,1.0,matched
Dương/45. RLXO,45. RLXO,Relaxo Footwears Ltd,RLXO.NS,1.0,matched
Giang/HVEL.NS,HVEL.NS,Havells India Ltd,HVEL.NS,1.0,matched
Dương/100. CROP,100. CROP,Crompton Greaves Consumer Electricals Ltd,CROP.NS,1.0,matched
Dương/36. MOIL,36. MOIL,Moil Ltd,MOIL.NS,1.0,matched
Giang/CCRI.NS,CCRI.NS,Container Corporation of India Ltd,CCRI.NS,1.0,matched
Giang/JSTL.NS,JSTL.NS,JSW Steel Ltd,JSTL.NS,1.0,matched
Giang/NAAL.NS,NAAL.NS,Nava Limited,NAAL.NS,1.0,matched
Vân/Sern Kou Resourse Bhd,Sern Kou Resourse Bhd,Sern Kou Resources Bhd,SKOU.KL,0.28825378403927715,unmatched
Giang/BRSN.NS,BRSN.NS,Bharat Rasayan Ltd,BRSN.NS,1.0,matched
Dương/13. FPT,13. FPT,FPT Corp,FPT.HM,1.0,matched
Dương/90. DLPA,90. DLPA,Dr. Lal PathLabs Ltd,DLPA.NS,1.0,matched
Giang/OLEC.NS,OLEC.NS,Olectra Greentech Ltd,OLEC.NS,1.0,matched
Vân/TRC Synergy Bhd,TRC Synergy Bhd,Ramco Cements Limited,TRCE.NS,1.0,matched
Vân/Superlon,Superlon,Superlon Holdings Bhd,SPLH.KL,0.3032160644503863,matched
Thái/MAHS.KL,MAHS.KL,Mah Sing Group Bhd,MAHS.KL,1.0,matched
Dương/147.FINO.NS,147.FINO.NS,Fine Organic Industries Ltd,FINO.NS,1.0,matched
Giang/APAR.NS,APAR.NS,Apar Industries Ltd,APAR.NS,1.0,matched
Giang/HFCL.NS,HFCL.NS,HFCL Ltd,HFCL.NS,1.0,matched
Thái/PRKN.KL,PRKN.KL,Parkson Holdings Bhd,PRKN.KL,1.0,matched
Dương/236 + TMIN.NS,236 + TMIN.NS,3M India Ltd,TMIN.NS,1.0,matched
Giang/MMFO.NS,MMFO.NS,MM Forgings Ltd,MMFO.NS,1.0,matched
Vân/Samchem Holdings Bhd,Samchem Holdings Bhd,Samchem Holdings Bhd,SAHB.KL,1.0000000000000002,matched
Vân/Universal Robina Corp,Universal Robina Corp,Universal Robina Corp,URC.PS,1.0000000000000002,matched
Vân/YSP Southeast Asia Holding Bhd,YSP Southeast Asia Holding Bhd,YSP Southeast Asia Holding Bhd,YSPS.KL,1.0,matched
Vân/Tiong Nam Logistics Holdings Bhd,Tiong Nam Logistics Holdings Bhd,Tiong Nam Logistics Holdings Bhd,TNTT.KL,1.0000000000000002,matched
Thái/PPHB.KL,PPHB.KL,Public Packages Holdings Bhd,PPHB.KL,1.0,matched
Giang/ELCN.NS,ELCN.NS,Elecon Engineering Company Ltd,ELCN.NS,1.0,matched
Giang/NALU.NS,NALU.NS,National Aluminium Co Ltd,NALU.NS,1.0,matched
Giang/SOFT.NS,SOFT.NS,Sonata Software Ltd,SOFT.NS,1.0,matched
Dương/TATE.NS,TATE.NS,Tata Technologies Ltd,TATE.NS,1.0,matched
Giang/ASPN.NS,ASPN.NS,Asian Paints Ltd,ASPN.NS,1.0,matched
Vân/Rohas Tecnic Bhd,Rohas Tecnic Bhd,Rohas Tecnic Bhd,ROHA.KL,1.0000000000000002,matched
Thái/PMAS.KL,PMAS.KL,Pentamaster Corporation Bhd,PMAS.KL,1.0,matched
Thái/PDNI.KL,PDNI.KL,Padini Holdings Berhad,PDNI.KL,1.0,matched
Dương/196.LAXR.NS,196.LAXR.NS,Laxmi Organic Industries Ltd,LAXR.NS,1.0,matched
Giang/NAFL.NS,NAFL.NS,Navin Fluorine International Ltd,NAFL.NS,1.0,matched
Vân/Dagang NeXchange Bhd,Dagang NeXchange Bhd,Dagang NeXchange Bhd,DNEX.KL,1.0000000000000002,matched
Thái/FVCO.KL,FVCO.KL,Favelle Favco Bhd,FVCO.KL,1.0,matched
Thái/ANCM.KL,ANCM.KL,Ancom Nylex Bhd,ANCM.KL,1.0,matched
Thái/KONE.KL,KONE.KL,K-One Technology Bhd,KONE.KL,1.0,matched
Vân/Telkom SA SOC Ltd,Telkom SA SOC Ltd,Saigon Beer Alcohol Beverage Corp,SAB.HM,1.0,matched
Vân/United Plantations Bhd,United Plantations Bhd,United Plantations Bhd,UTPS.KL,1.0000000000000002,matched
Dương/193.BROF.NS,193.BROF.NS,Brookfield India Real Estate Trust,BROF.NS,1.0,matched
Giang/GSFC.NS,GSFC.NS,Gujarat State Fertilizers & Chemicals Ltd,GSFC.NS,1.0,matched
Dương/166.INMR.NS,166.INMR.NS,Indiamart Intermesh Ltd,INMR.NS,1.0,matched
Dương/72. CAPL,72. CAPL,Caplin Point Laboratories Ltd,CAPL.NS,1.0,matched
Giang/NATP.NS,NATP.NS,Natco Pharma Ltd,NATP.NS,1.0,matched
Vân/Spur Corporation,Spur Corporation,Spur Corporation Ltd,SURJ.J,1.0000000000000002,matched
Dương/MEGI.NS,MEGI.NS,Meghmani Organics Ltd,MEGI.NS,1.0,matched
Vân/Adcock Ingram Holdings Ltd,Adcock Ingram Holdings Ltd,Adcock Ingram Holdings Ltd,AIPJ.J,1.0000000000000002,matched
Dương/88. DIBL,88. DIBL,Dilip Buildcon Ltd,DIBL.NS,1.0,matched
Dương/70. SHCR,70. SHCR,Sharda Cropchem Ltd,SHCR.NS,1.0,matched
Dương/37. JINW,37. JINW,Jindal Worldwide Ltd,JINW.NS,1.0,matched
Dương/124. PSPP,124. PSPP,PSP Projects Ltd,PSPP.NS,1.0,matched
Dương/212 + NUVO.NS,212 + NUVO.NS,Nuvoco Vistas Corporation Ltd,NUVO.NS,1.0,matched
Dương/76. VRLL,76. VRLL,VRL Logistics Ltd,VRLL.NS,1.0,matched
Thái/GDEX.KL,GDEX.KL,Gdex Bhd,GDEX.KL,1.0,matched
Dương/238 + AIAE.NS,238 + AIAE.NS,AIA Engineering Ltd,AIAE.NS,1.0,matched
Dương/74. PDSL,74. PDSL,PDS Ltd,PDSL.NS,1.0,matched
Thái/POWE.KL,POWE.KL,Power Root Bhd,POWE.KL,1.0,matched
Dương/32. JUWL,32. JUWL,Jupiter Wagons Ltd,JUWL.NS,1.0,matched
Dương/BARQ.NS,BARQ.NS,Barbeque-Nation Hospitality Ltd,BARQ.NS,1.0,matched
Thái/BONI.KL,BONI.KL,Bonia Corporation Bhd,BONI.KL,1.0,matched
Dương/224 + CEIF.NS,224 + CEIF.NS,CE Info Systems Ltd,CEIF.NS,1.0,matched
Dương/171.MAZG.NS,171.MAZG.NS,Mazagon Dock Shipbuilders Ltd,MAZG.NS,1.0,matched
Vân/PLDT Inc,PLDT Inc,PLDT Inc,TEL.PS,1.0,matched
Giang/BRLC.NS,BRLC.NS,Birla Corporation Ltd,BRLC.NS,1.0,matched
Thái/NCHB.KL,NCHB.KL,Naim Holdings Bhd,NCHB.KL,1.0,matched
Thái/HARR.KL,HARR.KL,Harbour-Link Group Bhd,HARR.KL,1.0,matched
Dương/44. PIIL,44. PIIL,PI Industries Ltd,PIIL.NS,1.0,matched
Dương/148.CHAL.NS,148.CHAL.NS,Chalet Hotels Ltd,CHAL.NS,1.0,matched
Giang/SCHE.NS,SCHE.NS,Schaeffler India Ltd,SCHE.NS,1.0,matched
Thái/PARB.KL,PARB.KL,PA Resources Bhd,PARB.KL,1.0,matched
Thái/KIML.KL,KIML.KL,Kim Loong Resources Bhd,KIML.KL,1.0,matched
Giang/DCMS.NS,DCMS.NS,DCM Shriram Ltd,DCMS.NS,1.0,matched
Dương/159.RAIT.NS,159.RAIT.NS,Railtel Corporation of India Ltd,RAIT.NS,1.0,matched
Thái/PNTE.KL,PNTE.KL,Pantech Group Holdings Bhd,PNTE.KL,1.0,matched
Thái/EVGN.KL,EVGN.KL,Evergreen Fibreboard Bhd,EVGN.KL,1.0,matched
Thái/IOIB.KL,IOIB.KL,IOI Corporation Bhd,IOIB.KL,1.0,matched
Giang/DABU.NS,DABU.NS,Dabur India Ltd,DABU.NS,1.0,matched
Giang/KNRL.NS,KNRL.NS,KNR Constructions Ltd,KNRL.NS,1.0,matched
Thái/NESM.KL,NESM.KL,Nestle (Malaysia) Bhd,NESM.KL,1.0,matched
Thái/HEXC.KL,HEXC.KL,Hextar Capital Bhd,HEXC.KL,1.0,matched
Thái/KOBA.KL,KOBA.KL,Kobay Technology Bhd,KOBA.KL,1.0,matched
Vân/Wellcall Holdings Bhd,Wellcall Holdings Bhd,Wellcall Holdings Bhd,WCAL.KL,1.0000000000000002,matched
Vân/Vodacom Group Ltd,Vodacom Group Ltd,Vodacom Group Ltd,VODJ.J,1.0000000000000002,matched
Thái/AXSR.KL,AXSR.KL,Axis Real Estate Investment Trust,AXSR.KL,1.0,matched
Thái/BLAD.KL,BLAD.KL,Berjaya Land Bhd,BLAD.KL,1.0,matched
Vân/Citaglobal Bhd,Citaglobal Bhd,Citaglobal Bhd,CITA.KL,1.0000000000000002,matched
Vân/Nampak Ltd,Nampak Ltd,Nampak Ltd,NPKJ.J,1.0,matched
Dương/21. MSN,21. MSN,Masan Group Corp,MSN.HM,1.0,matched
Vân/Sime Darby Bhd,Sime Darby Bhd,Sime Darby Bhd,SIME.KL,1.0000000000000002,matched
Giang/TRCE.NS,TRCE.NS,Ramco Cements Limited,TRCE.NS,1.0,matched
Thái/HLIB.KL,HLIB.KL,Hong Leong Industries Bhd,HLIB.KL,1.0,matched
Vân/MGB Bhd,MGB Bhd,MGB Bhd,MGBB.KL,1.0,matched
Dương/11. FRT,11. FRT,FPT Digital Retail JSC,FRT.HM,1.0,matched
Vân/Tong Herr Resources Bhd,Tong Herr Resources Bhd,Tong Herr Resources Bhd,THRB.KL,1.0000000000000002,matched
Thái/IBHD.KL,IBHD.KL,I-Bhd,IBHD.KL,1.0,matched
Thái/JTIA.KL,JTIA.KL,Jaya Tiasa Holdings Bhd,JTIA.KL,1.0,matched
Giang/EXID.NS,EXID.NS,Exide Industries Ltd,EXID.NS,1.0,matched
Vân/Blu Label Unlimited Group Ltd,Blu Label Unlimited Group Ltd,Blu Label Unlimited Group Ltd,BLUJ.J,1.0000000000000002,matched
Thái/GENT.KL,GENT.KL,Genting Bhd,GENT.KL,1.0,matched
Giang/GRAN.NS,GRAN.NS,Granules India Ltd,GRAN.NS,1.0,matched
Vân/Systech Bhd,Systech Bhd,Systech Bhd,SYST.KL,1.0000000000000002,matched
Thái/EKOV.KL,EKOV.KL,Ekovest Bhd,EKOV.KL,1.0,matched
Giang/SANO.NS,SANO.NS,Sanofi India Ltd,SANO.NS,1.0,matched
Thái/EGCM.KL,EGCM.KL,EG Industries Bhd,EGCM.KL,1.0,matched
Thái/HEXR.KL,HEXR.KL,Hextar Healthcare Bhd,HEXR.KL,1.0,matched
Thái/DIAL.KL,DIAL.KL,Dialog Group Bhd,DIAL.KL,1.0,matched
Dương/176.EASM.NS,176.EASM.NS,Easy Trip Planners Ltd,EASM.NS,1.0,matched
Thái/AJIY.KL,AJIY.KL,Ajiya Bhd,AJIY.KL,1.0,matched
Dương/210 + ROLE.NS,210 + ROLE.NS,Rolex Rings Ltd,ROLE.NS,1.0,matched
Dương/165.INDG.NS,165.INDG.NS,Indigo Paints Ltd,INDG.NS,1.0,matched
Thái/JOEH.KL,JOEH.KL,Joe Holding Bhd,JOEH.KL,1.0,matched
Dương/TMIN.NS,TMIN.NS,3M India Ltd,TMIN.NS,1.0,matched
Dương/GOFA.NS,GOFA.NS,Go Fashion (India) Ltd,GOFA.NS,1.0,matched
Giang/CRBR.NS,CRBR.NS,Carborundum Universal Ltd,CRBR.NS,1.0,matched
Giang/UNOI.NS,UNOI.NS,UNO Minda Ltd,UNOI.NS,1.0,matched
Thái/JFTB.KL,JFTB.KL,JF Technology Bhd,JFTB.KL,1.0,matched
Giang/MBFL.NS,MBFL.NS,Mphasis Ltd,MBFL.NS,1.0,matched
Thái/HCKC,HCKC,HCK Capital Group Bhd,HCKC.KL,1.0,matched
Vân/Robinsons Retail Holdings Inc,Robinsons Retail Holdings Inc,Robinsons Retail Holdings Inc,RRHI.PS,1.0000000000000002,matched
Giang/GAME.NS,GAME.NS,Gujarat Ambuja Exports Ltd,GAME.NS,1.0,matched
Thái/FBIP.KL,FBIP.KL,Malaysia Steel Works (KL) Bhd,MSWK.KL,0.09427171364984961,unmatched
Giang/RADC.NS,RADC.NS,Radico Khaitan Ltd,RADC.NS,1.0,matched
Dương/40. KIRO,40. KIRO,Kirloskar Oil Engines Ltd,KIRO.NS,1.0,matched
Dương/CRAF.NS,CRAF.NS,Craftsman Automation Ltd,CRAF.NS,1.0,matched
Giang/SUZL.NS,SUZL.NS,Suzlon Energy Ltd,SUZL.NS,1.0,matched
Thái/HEXE.KL,HEXE.KL,Hextar Technologies Solutions Bhd,HEXE.KL,1.0,matched
Thái/AUMA.KL,AUMA.KL,AuMas Resources Bhd,AUMA.KL,1.0,matched
Vân/TSH Resources Bhd,TSH Resources Bhd,TSH Resources Bhd,TSHR.KL,1.0,matched
Giang/HCLT.NS,HCLT.NS,HCL Technologies Ltd,HCLT.NS,1.0,matched
Vân/TH Plantations Bhd,TH Plantations Bhd,Thyrocare Technologies Ltd,THYO.NS,1.0,matched
Vân/Woolworths Holdings Ltd,Woolworths Holdings Ltd,Woolworths Holdings Ltd,WHLJ.J,1.0000000000000002,matched
Vân/Avi Ltd,Avi Ltd,Avi Ltd,AVIJ.J,1.0,matched
Vân/Seni Jaya Corporation Bhd,Seni Jaya Corporation Bhd,Seni Jaya Corporation Bhd,SENI.KL,1.0000000000000002,matched
Giang/REDY.NS,REDY.NS,Dr Reddy's Laboratories Ltd,REDY.NS,1.0,matched
Vân/Foschini Group Ltd,Foschini Group Ltd,Foschini Group Ltd,TFGJ.J,1.0000000000000002,matched
Vân/UPA,UPA,UPA Corporation Bhd,UPAB.KL,1.0,matched
Dương/189.HEML.NS,189.HEML.NS,Hemisphere Properties India Ltd,HEML.NS,1.0,matched
Dương/186.MAXE.NS,186.MAXE.NS,Max Healthcare Institute Ltd,MAXE.NS,1.0,matched
Giang/APCI.NS,APCI.NS,Apcotex Industries Ltd,APCI.NS,1.0,matched
Thái/AJIN.KL,AJIN.KL,Ajinomoto (Malaysia) Bhd,AJIN.KL,1.0,matched
Vân/Suria Capital Holdings Bhd,Suria Capital Holdings Bhd,Suria Capital Holdings Bhd,SURI.KL,1.0000000000000002,matched
Vân/hextar global,hextar global,Hextar Global Bhd,HEXT.KL,0.5797386715376658,matched
Vân/SKP Resources Bhd,SKP Resources Bhd,SKP Resources Bhd,SKPR.KL,1.0,matched
Dương/2. PDR,2. PDR,Phat Dat Real Estate Development Corp,PDR.HM,1.0,matched
Giang/SOBH.NS,SOBH.NS,Sobha Ltd,SOBH.NS,1.0,matched
Thái/APMA.KL,APMA.KL,APM Automotive Holdings Bhd,APMA.KL,1.0,matched
Giang/EIDP.NS,EIDP.NS,E I D-Parry (India) Ltd,EIDP.NS,1.0,matched
Dương/227 + TARO.NS,227 + TARO.NS,Tarsons Products Ltd,TARO.NS,1.0,matched
Dương/204 + AWLA.NS,204 + AWLA.NS,AWL Agri Business Ltd,AWLA.NS,1.0,matched
Giang/MAST.NS,MAST.NS,Mastek Ltd,MAST.NS,1.0,matched
Vân/Zhulian Corp Bhd,Zhulian Corp Bhd,Zhulian Corp Bhd,ZHCO.KL,1.0000000000000002,matched
Dương/MAXE.NS,MAXE.NS,Max Healthcare Institute Ltd,MAXE.NS,1.0,matched
Vân/Axiata Group Bhd,Axiata Group Bhd,Axiata Group Bhd,AXIA.KL,1.0000000000000002,matched
Vân/Bidvest Group Ltd,Bidvest Group Ltd,Bidvest Group Ltd,BVTJ.J,1.0000000000000002,matched
Giang/GDPI.NS,GDPI.NS,Godawari Power and Ispat Ltd,GDPI.NS,1.0,matched
Vân/VSTECS Bhd,VSTECS Bhd,VSTECS Bhd,VSTE.KL,1.0000000000000002,matched
Giang/AEGS.NS,AEGS.NS,Aegis Logistics Ltd,AEGS.NS,1.0,matched
Giang/HIMD.NS,HIMD.NS,Himadri Speciality Chemical Ltd,HIMD.NS,1.0,matched
Dương/208 + CLEA.NS,208 + CLEA.NS,Clean Science and Technology Ltd,CLEA.NS,1.0,matched
Dương/129. CMSN,129. CMSN,CMS Info Systems Ltd,CMSN.NS,1.0,matched
Vân/YTL Power,YTL Power,YTL Hospitality REIT,YTLR.KL,1.0,matched
Giang/LAOP.NS,LAOP.NS,La Opala R G Ltd,LAOP.NS,1.0,matched
Giang/NEFI.NS,NEFI.NS,Network18 Media & Investments Ltd,NEFI.NS,1.0,matched
Dương/135. NEWG,135. NEWG,Newgen Software Technologies Ltd,NEWG.NS,1.0,matched
Dương/79. GEEN,79. GEEN,Greenlam Industries Ltd,GEEN.NS,1.0,matched
Vân/Valterra Platinum Ltd,Valterra Platinum Ltd,Valterra Platinum Ltd,VALJ.J,1.0000000000000002,matched
Giang/GRAS.NS,GRAS.NS,Grasim Industries Ltd,GRAS.NS,1.0,matched
Thái/AMRY.KL,AMRY.KL,AmanahRaya Real Estate Investment Trust,AMRY.KL,1.0,matched
Giang/ABB.NS,ABB.NS,ABB India Ltd,ABB.NS,1.0,matched
Vân/Jolibee,Jolibee,,,0.0,unmatched
Thái/MISC.KL,MISC.KL,MISC Bhd,MISC.KL,1.0,matched
Vân/Star Media Group Bhd,Star Media Group Bhd,Star Media Group Bhd,STAR.KL,1.0000000000000002,matched
Giang/WGSR.NS,WGSR.NS,Welspun Corp Ltd,WGSR.NS,1.0,matched
Vân/PGF Capital Bhd,PGF Capital Bhd,PGF Capital Bhd,PGFC.KL,1.0,matched
Thái/EKSN.KL,EKSN.KL,Eksons Corporation Bhd,EKSN.KL,1.0,matched
Giang/NCCL.NS,NCCL.NS,NCC Ltd,NCCL.NS,1.0,matched
Dương/12. VNM,12. VNM,Vietnam Dairy Products JSC,VNM.HM,1.0,matched
Dương/180.COHA.NS,180.COHA.NS,Cohance Lifesciences Ltd,COHA.NS,1.0,matched
Vân/S P Setia Bhd,S P Setia Bhd,S P Setia Bhd,SETI.KL,1.0000000000000002,matched
Vân/Hudaco Industries Ltd,Hudaco Industries Ltd,Hudaco Industries Ltd,HDCJ.J,1.0000000000000002,matched
Giang/CHMB.NS,CHMB.NS,Chambal Fertilisers and Chemicals Ltd,CHMB.NS,1.0,matched
Thái/CBIP.KL,CBIP.KL,CB Industrial Product Holding Bhd,CBIP.KL,1.0,matched
Giang/CYIE.NS,CYIE.NS,Cyient Ltd,CYIE.NS,1.0,matched
Vân/Hengyuan Refining Company Bhd,Hengyuan Refining Company Bhd,Hengyuan Refining Company Bhd,HENY.KL,1.0000000000000002,matched
Thái/BATO.KL,BATO.KL,British American Tobacco (Malaysia) Bhd,BATO.KL,1.0,matched
Vân/Luxchem Corporation Bhd,Luxchem Corporation Bhd,Luxchem Corporation Bhd,LCBH.KL,1.0000000000000002,matched
Giang/ENGI.NS,ENGI.NS,Engineers India Ltd,ENGI.NS,1.0,matched
Thái/SCGB.KL,SCGB.KL,SCGM Bhd,SCGB.KL,1.0,matched
Vân/Harmony Gold Mining Company Ltd,Harmony Gold Mining Company Ltd,Harmony Gold Mining Company Ltd,HARJ.J,1.0000000000000002,matched
Thái/IFCA.KL,IFCA.KL,IFCA MSC Bhd,IFCA.KL,1.0,matched
Dương/170.SAFA.NS,170.SAFA.NS,Safari Industries (India) Ltd,SAFA.NS,1.0,matched
Vân/City Lodge Hotels Ltd,City Lodge Hotels Ltd,City Lodge Hotels Ltd,CLHJ.J,1.0000000000000002,matched
Giang/GRPL.NS,GRPL.NS,Greenply Industries Ltd,GRPL.NS,1.0,matched
Thái/LTER.KL,LTER.KL,Luster Industries Bhd,LTER.KL,1.0,matched
Thái/SCGM.KL,SCGM.KL,SCGM Bhd,SCGB.KL,0.20199309249791833,unmatched
Thái/KWNF.KL,KWNF.KL,Kawan Food Bhd,KWNF.KL,1.0,matched
Thái/MILU.TV,MILU.TV,Dish TV India Ltd,DSTV.NS,0.1362763414390864,unmatched
Giang/EICH.NS,EICH.NS,Eicher Motors Ltd,EICH.NS,1.0,matched
Thái/MITR.KL,MITR.KL,Mitrajaya Holdings Bhd,MITR.KL,1.0,matched
Giang/PROC.NS,PROC.NS,Procter & Gamble Hygiene and Health Care Ltd,PROC.NS,1.0,matched
Dương/CHPA.NS,CHPA.NS,Chemplast Sanmar Ltd,CHPA.NS,1.0,matched
Thái/BDBS.KL,BDBS.KL,Bina Darulaman Bhd,BDBS.KL,1.0,matched
Dương/98. MGAS,98. MGAS,Mahanagar Gas Ltd,MGAS.NS,1.0,matched
Vân/Invicta Holdings Ltd,Invicta Holdings Ltd,Invicta Holdings Ltd,IVTJ.J,1.0000000000000002,matched
Giang/CAST.NS,CAST.NS,Castrol India Ltd,CAST.NS,1.0,matched
Giang/NIIT.NS,NIIT.NS,NIIT Ltd,NIIT.NS,1.0,matched
Thái/HEVE.KL,HEVE.KL,HeveaBoard Bhd,HEVE.KL,1.0,matched
Vân/Tomypak Holdings Bhd,Tomypak Holdings Bhd,Tomypak Holdings Bhd,TOMY.KL,1.0000000000000002,matched
Thái/NHFH.KL,NHFH.KL,New Hoong Fatt Holdings Bhd,NHFH.KL,1.0,matched
Dương/203 +ISGE.NS,203 +ISGE.NS,Isgec Heavy Engineering Ltd,ISGE.NS,1.0,matched
Thái/PARW.KL,PARW.KL,Parkwood Holdings Bhd,PARW.KL,1.0,matched
Dương/216 + CART.NS,216 + CART.NS,Cartrade Tech Ltd,CART.NS,1.0,matched
Giang/BAJE.NS,BAJE.NS,Bharat Electronics Ltd,BAJE.NS,1.0,matched
Vân/SLP Resources Bhd,SLP Resources Bhd,SLP Resources Bhd,SLPB.KL,1.0,matched
Thái/PHMA.KL,PHMA.KL,Pharmaniaga Bhd,PHMA.KL,1.0,matched
Vân/Wasco Bhd,Wasco Bhd,Wasco Bhd,WASC.KL,1.0000000000000002,matched
Vân/Attacq Ltd,Attacq Ltd,Attacq Ltd,ATTJ.J,1.0,matched
Thái/HEXI.KL,HEXI.KL,Hextar Retail Bhd,HEXI.KL,1.0,matched
Giang/IFBI.NS,IFBI.NS,IFB Industries Ltd,IFBI.NS,1.0,matched
Vân/Altron Ltd,Altron Ltd,Altron Ltd,AELJ.J,1.0,matched
Thái/HTVE.KL,HTVE.KL,Hiap Teck Venture Bhd,HTVE.KL,1.0,matched
Giang/STYE.NS,STYE.NS,Styrenix Performance Materials Ltd,STYE.NS,1.0,matched
Vân/Taliworks Corporation Bhd,Taliworks Corporation Bhd,Taliworks Corporation Bhd,TWRK.KL,1.0000000000000002,matched
Vân/Unisem (M) Bhd,Unisem (M) Bhd,Unisem (M) Bhd,UNSM.KL,1.0000000000000002,matched
Vân/Wilcon Depot Inc,Wilcon Depot Inc,Wilcon Depot Inc,WLCON.PS,1.0000000000000002,matched
Dương/115. GODE,115. GODE,Godrej Agrovet Ltd,GODE.NS,1.0,matched
Dương/146.BORO.NS,146.BORO.NS,Borosil Renewables Ltd,BORO.NS,1.0,matched
Dương/73. HAPL,73. HAPL,Hatsun Agro Product Ltd,HAPL.NS,1.0,matched
Vân/Astral Foods Ltd,Astral Foods Ltd,Astral Foods Ltd,ARLJ.J,1.0000000000000002,matched
Thái/MBMR.KL,MBMR.KL,MBM Resources Bhd,MBMR.KL,1.0,matched
Dương/57. SEIN,57. SEIN,Schneider Electric Infrastructure Ltd,SEIN.NS,1.0,matched
Vân/XOX Networks Bhd,XOX Networks Bhd,XOX Bhd,XOXB.KL,1.0,matched
Giang/CCLP.NS,CCLP.NS,CCL Products (India) Ltd,CCLP.NS,1.0,matched
Giang/BOSH.NS,BOSH.NS,Bosch Ltd,BOSH.NS,1.0,matched
Giang/NAVN.NS,NAVN.NS,Navneet Education Ltd,NAVN.NS,1.0,matched
Vân/Marine & General Bhd,Marine & General Bhd,Marine & General Bhd,MARI.KL,1.0000000000000002,matched
Vân/Iskandar Waterfront City Bhd,Iskandar Waterfront City Bhd,Iskandar Waterfront City Bhd,IWCI.KL,1.0000000000000002,matched
Giang/SNDO.NS,SNDO.NS,Sundrop Brands Ltd,SNDO.NS,1.0,matched
Giang/ATLP.NS,ATLP.NS,Atul Ltd,ATLP.NS,1.0,matched
Giang/EMAM.NS,EMAM.NS,Emami Ltd,EMAM.NS,1.0,matched
Thái/APER.KL,APER.KL,Apex Healthcare Bhd,APER.KL,1.0,matched
Thái/CAPI.KL,CAPI.KL,Capital A Berhad,CAPI.KL,1.0,matched
Dương/81. AVNT,81. AVNT,Avanti Feeds Ltd,AVNT.NS,1.0,matched
Dương/PRAF.NS,PRAF.NS,Paras Defence and Space Technologies Ltd,PRAF.NS,1.0,matched
Thái/CHIN.KL,CHIN.KL,Chin Hin Group Property Bhd,CHIN.KL,1.0,matched
Giang/IGAS.NS,IGAS.NS,Indraprastha Gas Ltd,IGAS.NS,1.0,matched
Thái/KLCC.KL,KLCC.KL,KLCCP Stapled Group,KLCC.KL,1.0,matched
Thái/ASIA.KL,ASIA.KL,Asia Brands Bhd,ASIA.KL,1.0,matched
Giang/HROM.NS,HROM.NS,Hero MotoCorp Ltd,HROM.NS,1.0,matched
Vân/Golden Land Bhd,Golden Land Bhd,Golden Land Bhd,GOLD.KL,1.0000000000000002,matched
Giang/INFY.NS,INFY.NS,Infosys Ltd,INFY.NS,1.0,matched
Dương/107. LTIM,107. LTIM,LTIMindtree Ltd,LTIM.NS,1.0,matched
Dương/213 + SAPI.NS,213 + SAPI.NS,Sapphire Foods India Ltd,SAPI.NS,1.0,matched
Giang/NAFT.NS,NAFT.NS,National Fertilizers Ltd,NAFT.NS,1.0,matched
Giang/DSTV.NS,DSTV.NS,Dish TV India Ltd,DSTV.NS,1.0,matched
Thái/FIAM.KL,FIAM.KL,Fiamma Holdings Bhd,FIAM.KL,1.0,matched
Giang/ZENT.NS,ZENT.NS,Zensar Technologies Ltd,ZENT.NS,1.0,matched
Dương/AIAE.NS,AIAE.NS,AIA Engineering Ltd,AIAE.NS,1.0,matched
Giang/IPCA.NS,IPCA.NS,IPCA Laboratories Ltd,IPCA.NS,1.0,matched
Dương/POWG.NS,POWG.NS,Powergrid Infrastructure Investment Trust,POWG.NS,1.0,matched
Giang/HEGL.NS,HEGL.NS,HEG Ltd,HEGL.NS,1.0,matched
Giang/MIRZ.NS,MIRZ.NS,Mirza International Ltd,MIRZ.NS,1.0,matched
Giang/GODI.NS,GODI.NS,Godrej Industries Ltd,GODI.NS,1.0,matched
Dương/80. THYO,80. THYO,Thyrocare Technologies Ltd,THYO.NS,1.0,matched
Dương/87. SHAD,87. SHAD,Sharda Motor Industries Ltd,SHAD.NS,1.0,matched
Giang/JAIC.NS,JAIC.NS,Jai Corp Ltd,JAIC.NS,1.0,matched
Giang/GILE.NS,GILE.NS,Gillette India Ltd,GILE.NS,1.0,matched
Dương/192.DELH.NS,192.DELH.NS,Delhivery Ltd,DELH.NS,1.0,matched
Dương/41. FINE,41. FINE,Fineotex Chemical Ltd,FINE.NS,1.0,matched
Giang/NMDC.NS,NMDC.NS,NMDC Ltd,NMDC.NS,1.0,matched
Dương/229 + METB.NS,229 + METB.NS,Metro Brands Ltd,METB.NS,1.0,matched
Giang/PTCI.NS,PTCI.NS,PTC India Ltd,PTCI.NS,1.0,matched
Dương/187.MAII.NS,187.MAII.NS,Max India Ltd,MAII.NS,1.0,matched
Thái/GKMS.KL,GKMS.KL,George Kent (Malaysia) Bhd,GKMS.KL,1.0,matched
Vân/Kap Ltd,Kap Ltd,Kap Ltd,KAPJ.J,1.0,matched
Giang/JYOI.NS,JYOI.NS,Jyothy Labs Ltd,JYOI.NS,1.0,matched
Thái/PHUA.KL,PHUA.KL,Poh Huat Resources Holdings Bhd,PHUA.KL,1.0,matched
Giang/AISG.NS,AISG.NS,Asahi India Glass Ltd,AISG.NS,1.0,matched
Vân/Genting Plantations Bhd,Genting Plantations Bhd,Genting Plantations Bhd,GENP.KL,1.0000000000000002,matched
Thái/PRTB.KL,PRTB.KL,PRIVASIA Technology Bhd,PRTB.KL,1.0,matched
Giang/BLDT.NS,BLDT.NS,Blue Dart Express Ltd,BLDT.NS,1.0,matched
Thái/CTPB.KL,CTPB.KL,Chin Teck Plantations Bhd,CTPB.KL,1.0,matched
Thái/DOVT.KL,DOVT.KL,D & O Green Technologies Bhd,DOVT.KL,1.0,matched
Giang/JUBA.NS,JUBA.NS,Jubilant Pharmova Ltd,JUBA.NS,1.0,matched
Giang/GRWL.NS,GRWL.NS,Garware Technical Fibres Ltd,GRWL.NS,1.0,matched
Thái/SAIH.KL,SAIH.KL,Sanichi Technology Bhd,SAIH.KL,1.0,matched
Dương/174.SHYE.NS,174.SHYE.NS,Shyam Metalics and Energy Ltd,SHYE.NS,1.0,matched
Giang/SPRC.NS,SPRC.NS,Sun Pharma Advanced Research Co Ltd,SPRC.NS,1.0,matched
Thái/BPAC.KL,BPAC.KL,Bright Packaging Industry Bhd,BPAC.KL,1.0,matched
Vân/Bloomberry Resorts Corp,Bloomberry Resorts Corp,Bloomberry Resorts Corp,BLOOM.PS,1.0000000000000002,matched
Thái/MEGA.KL,MEGA.KL,Mega First Corporation Bhd,MEGA.KL,1.0,matched
Thái/HAPS.KL,HAPS.KL,Hap Seng Consolidated Bhd,HAPS.KL,1.0,matched
Thái/RIMB.KL,RIMB.KL,Rimbunan Sawit Bhd,RIMB.KL,1.0,matched
Dương/211 + DEVY.NS,211 + DEVY.NS,Devyani International Ltd,DEVY.NS,1.0,matched
Giang/JCHA.NS,JCHA.NS,Johnson Controls-Hitachi Air Conditioning India Ltd,JCHA.NS,1.0,matched
Vân/Southern Sun Ltd,Southern Sun Ltd,Southern Sun Ltd,SSUJ.J,1.0000000000000002,matched
Thái/JAYC.KL,JAYC.KL,Jaycorp Bhd,JAYC.KL,1.0,matched
Dương/77. SYNN,77. SYNN,Syngene International Ltd,SYNN.NS,1.0,matched
Giang/BFRG.NS,BFRG.NS,Bharat Forge Ltd,BFRG.NS,1.0,matched
Giang/BION.NS,BION.NS,Biocon Ltd,BION.NS,1.0,matched
Dương/KPIE.NS,KPIE.NS,KPIT Technologies Ltd,KPIE.NS,1.0,matched
Thái/XOXT.KL,XOXT.KL,XOX Technology Bhd,XOXT.KL,1.0,matched
Thái/PTRE.KL,PTRE.KL,Petra Energy Bhd,PTRE.KL,1.0,matched
Thái/PTMR.KL,PTMR.KL,Petron Malaysia Refining & Marketing Bhd,PTMR.KL,1.0,matched
Thái/CWHB.KL,CWHB.KL,Chin Well Holdings Bhd,CWHB.KL,1.0,matched
Vân/TASCO Bhd,TASCO Bhd,TASCO Bhd,TASC.KL,1.0000000000000002,matched
Dương/49. FLTX,49. FLTX,Filatex India Ltd,FLTX.NS,1.0,matched
Giang/GHCH.NS,GHCH.NS,GHCL Ltd,GHCH.NS,1.0,matched
Giang/ELST.NS,ELST.NS,Electrosteel Castings Ltd,ELST.NS,1.0,matched
Dương/226  + LATN.NS,226  + LATN.NS,Latent View Analytics Ltd,LATN.NS,1.0,matched
Vân/Tiger Brands Ltd,Tiger Brands Ltd,Tiger Brands Ltd,TBSJ.J,1.0000000000000002,matched
Giang/KRBR.NS,KRBR.NS,Kirloskar Brothers Ltd,KRBR.NS,1.0,matched
Giang/EIHO.NS,EIHO.NS,EIH Ltd,EIHO.NS,1.0,matched
Thái/CTAL.KL,CTAL.KL,Coastal Contracts Bhd,CTAL.KL,1.0,matched
Thái/PTAR.KL,PTAR.KL,Prestar Resources Bhd,PTAR.KL,1.0,matched
Dương/69. HIAE,69. HIAE,Hindustan Aeronautics Ltd,HIAE.NS,1.0,matched
Vân/W T K Holdings Bhd,W T K Holdings Bhd,W T K Holdings Bhd,WTKH.KL,1.0000000000000002,matched
Vân/Ancom Logistics Bhd,Ancom Logistics Bhd,Ancom Logistics Bhd,ANCO.KL,1.0000000000000002,matched
Vân/Kelington Group Bhd,Kelington Group Bhd,Kelington Group Bhd,KELG.KL,1.0000000000000002,matched
Giang/BRTI.NS,BRTI.NS,Bharti Airtel Ltd,BRTI.NS,1.0,matched
Vân/POS Malaysia Bhd,POS Malaysia Bhd,Pos Malaysia Bhd,PSHL.KL,1.0000000000000002,matched
Dương/184.BORS.NS,184.BORS.NS,Borosil Ltd,BORS.NS,1.0,matched
Vân/Mikro MSC Bhd,Mikro MSC Bhd,Malaysia Smelting Corporation Bhd,MSCB.KL,1.0,matched
Dương/218 + RATE.NS,218 + RATE.NS,Rategain Travel Technologies Ltd,RATE.NS,1.0,matched
Dương/233  + IONX.NS,233  + IONX.NS,Ion Exchange (India) Ltd,IONX.NS,1.0,matched
Giang/KVRI.NS,KVRI.NS,Kaveri Seed Company Ltd,KVRI.NS,1.0,matched
Vân/Ta Win Holdings Bhd,Ta Win Holdings Bhd,Ta Win Holdings Bhd,TWHB.KL,1.0000000000000002,matched
Vân/Yinson Holdings Berhad,Yinson Holdings Berhad,Yinson Holdings Berhad,YINS.KL,1.0000000000000002,matched
Thái/GADA.KL,GADA.KL,Gadang Holdings Bhd,GADA.KL,1.0,matched
Thái/JHMC.KL,JHMC.KL,JHM Consolidation Bhd,JHMC.KL,1.0,matched
Dương/177.MINS.NS,177.MINS.NS,Mindspace Business Parks REIT,MINS.NS,1.0,matched
Giang/VODA.NS,VODA.NS,Vodafone Idea Ltd,VODA.NS,1.0,matched
Thái/ESCM.KL,ESCM.KL,ES Ceramics Technology Bhd,ESCM.KL,1.0,matched
Giang/MRF.NS,MRF.NS,MRF Ltd,MRF.NS,1.0,matched
Giang/COLG.NS,COLG.NS,Colgate-Palmolive (India) Ltd,COLG.NS,1.0,matched
Vân/Burstone Group Ltd,Burstone Group Ltd,Burstone Group Ltd,BTNJ.J,1.0000000000000002,matched
Dương/68. ADEN,68. ADEN,Advanced Enzyme Technologies Ltd,ADEN.NS,1.0,matched
Dương/138. HGIN,138. HGIN,HG Infra Engineering Ltd,HGIN.NS,1.0,matched
Giang/GESC.NS,GESC.NS,Great Eastern Shipping Company Ltd,GESC.NS,1.0,matched
Giang/CNTP.NS,CNTP.NS,Century Plyboards (India) Ltd,CNTP.NS,1.0,matched
Vân/Grand Parade Investments Ltd,Grand Parade Investments Ltd,Grand Parade Investments Ltd,GPLJ.J,1.0000000000000002,matched
Dương/114. ERIS,114. ERIS,Eris Lifesciences Ltd,ERIS.NS,1.0,matched
Giang/JAPR.NS,JAPR.NS,Jaiprakash Power Ventures Ltd,JAPR.NS,1.0,matched
Thái/HUMC.KL,HUMC.KL,Hume Cement Industries Bhd,HUMC.KL,1.0,matched
Thái/BGRO.KL,BGRO.KL,Berjaya Corporation Bhd,BGRO.KL,1.0,matched
Giang/ACEL.NS,ACEL.NS,Action Construction Equipment Ltd,ACEL.NS,1.0,matched
Dương/91. QUEC,91. QUEC,Quess Corp Ltd,QUEC.NS,1.0,matched
Vân/Tanco Holdings Bhd,Tanco Holdings Bhd,Tanco Holdings Bhd,TANC.KL,1.0000000000000002,matched
Dương/132. TBEI,132. TBEI,Tube Investments of India Ltd,TBEI.NS,1.0,matched
Giang/COFO.NS,COFO.NS,Coforge Ltd,COFO.NS,1.0,matched
Thái/KLKK.KL,KLKK.KL,Kuala Lumpur Kepong Bhd,KLKK.KL,1.0,matched
Dương/101. LAUL,101. LAUL,Laurus Labs Ltd,LAUL.NS,1.0,matched
Dương/50. ALEM,50. ALEM,Alembic Pharmaceuticals Ltd,ALEM.NS,1.0,matched
Dương/46. VST,46. VST,VST Tillers Tractors Ltd,VST.NS,1.0,matched
Dương/61. INUS,61. INUS,Indus Towers Ltd,INUS.NS,1.0,matched
Dương/ARTI.NS,ARTI.NS,Aarti Industries Ltd,ARTI.NS,1.0,matched
Vân/PPB Group,PPB Group,PPB Group Bhd,PEPT.KL,0.5797386715376658,matched
Vân/AECI Ltd,AECI Ltd,AECI Ltd,AFEJ.J,1.0,matched
Thái/QRES.KL,QRES.KL,QL Resources Bhd,QRES.KL,1.0,matched
Thái/CABC.KL,CABC.KL,CAB Cakaran Corporation Bhd,CABC.KL,1.0,matched
Giang/ITC.NS,ITC.NS,ITC Ltd,ITC.NS,1.0,matched
Vân/Aboitiz,Aboitiz,Aboitiz Equity Ventures Inc,AEV.PS,0.3032160644503863,matched
Vân/Ta Ann Holdings Bhd,Ta Ann Holdings Bhd,Ta Ann Holdings Bhd,TAAN.KL,1.0000000000000002,matched
Giang/NTPC.NS,NTPC.NS,NTPC Ltd,NTPC.NS,1.0,matched
Thái/DEHB.KL,DEHB.KL,Dayang Enterprise Holdings Bhd,DEHB.KL,1.0,matched
Giang/CERA.NS,CERA.NS,Cera Sanitaryware Ltd,CERA.NS,1.0,matched
Vân/Wilson Bayly Holmes - Ovcon Ltd,Wilson Bayly Holmes - Ovcon Ltd,Wilson Bayly Holmes - Ovcon Ltd,WBOJ.J,1.0000000000000002,matched
Thái/AEOM.KL,AEOM.KL,AEON CO (M) Bhd,AEOM.KL,1.0,matched
Dương/STEN.NS,STEN.NS,Sterling and Wilson Renewable Energy Ltd,STEN.NS,1.0,matched
Giang/PAGE.NS,PAGE.NS,Page Industries Ltd,PAGE.NS,1.0,matched
Dương/97. HEAC,97. HEAC,Healthcare Global Enterprises Ltd,HEAC.NS,1.0,matched
Giang/SNFS.NS,SNFS.NS,Sundram Fasteners Ltd,SNFS.NS,1.0,matched
Thái/MPIM.KL,MPIM.KL,Malaysian Pacific Industries Bhd,MPIM.KL,1.0,matched
Thái/CBMS.KL,CBMS.KL,Carlsberg Brewery Malaysia Bhd,CBMS.KL,1.0,matched
Vân/TMC Life Sciences Bhd,TMC Life Sciences Bhd,TMC Life Sciences Bhd,TMCN.KL,1.0,matched
Giang/GALK.NS,GALK.NS,Gujarat Alkalies And Chemicals Ltd,GALK.NS,1.0,matched
Thái/BPPL.KL,BPPL.KL,BP Plastics Holding Bhd,BPPL.KL,1.0,matched
Giang/HBLO.NS,HBLO.NS,HBL Engineering Ltd,HBLO.NS,1.0,matched
Giang/LIND.NS,LIND.NS,Linde India Ltd,LIND.NS,1.0,matched
Giang/HPCL.NS,HPCL.NS,Hindustan Petroleum Corp Ltd,HPCL.NS,1.0,matched
Thái/LHEN.KL,LHEN.KL,Lii Hen Industries Bhd,LHEN.KL,1.0,matched
Vân/Sycal Ventures Bhd,Sycal Ventures Bhd,Sycal Ventures Bhd,SYCA.KL,1.0000000000000002,matched
Thái/POHK.KL,POHK.KL,Poh Kong Holdings Bhd,POHK.KL,1.0,matched
Dương/225 +FSNE.NS,225 +FSNE.NS,Fsn E-Commerce Ventures Ltd,FSNE.NS,1.0,matched
Dương/MAZG.NS,MAZG.NS,Mazagon Dock Shipbuilders Ltd,MAZG.NS,1.0,matched
Dương/237 + ADRG.NS,237 + ADRG.NS,Aarti Drugs Ltd,ADRG.NS,1.0,matched
Thái/FMHB.KL,FMHB.KL,FM Global Logistics Holdings Bhd,FMHB.KL,1.0,matched
Vân/Bell Equipment Ltd,Bell Equipment Ltd,Bell Equipment Ltd,BELJ.J,1.0000000000000002,matched
Dương/151. IRCN.NS,151. IRCN.NS,Ircon International Ltd,IRCN.NS,1.0,matched
Vân/Aboitiz Power Corp,Aboitiz Power Corp,Aboitiz Power Corp,AP.PS,1.0000000000000002,matched
Giang/DLF.NS,DLF.NS,DLF Ltd,DLF.NS,1.0,matched
Vân/Wang-Zheng Bhd,Wang-Zheng Bhd,Wang-Zheng Bhd,WGZH.KL,1.0000000000000002,matched
Vân/Supermax Corporation Bhd,Supermax Corporation Bhd,Supermax Corporation Bhd,SUPM.KL,1.0000000000000002,matched
Thái/MUHI.KL,MUHI.KL,Muhibbah Engineering (M) Bhd,MUHI.KL,1.0,matched
Dương/168.HFDS.NS,168.HFDS.NS,Hindustan Foods Ltd,HFDS.NS,1.0,matched
Dương/209 + TATV.NS,209 + TATV.NS,Tatva Chintan Pharma Chem Ltd,TATV.NS,1.0,matched
Giang/RALL.NS,RALL.NS,Rallis India Ltd,RALL.NS,1.0,matched
Thái/CMSM.KL,CMSM.KL,Cahya Mata Sarawak Bhd,CMSM.KL,1.0,matched
Vân/Manila Water Company Inc,Manila Water Company Inc,Manila Water Company Inc,MWC.PS,1.0000000000000002,matched
Giang/AKZO.NS,AKZO.NS,Akzo Nobel India Ltd,AKZO.NS,1.0,matched
Thái/DUFU.KL,DUFU.KL,Dufu Technology Corp Bhd,DUFU.KL,1.0,matched
Thái/NUEN.KL,NUEN.KL,Nuenergy Holdings Bhd,NUEN.KL,1.0,matched
Thái/JENT.KL,JENT.KL,Jentayu Sustainables Bhd,JENT.KL,1.0,matched
Thái/MUDA.KL,MUDA.KL,Muda Holdings Bhd,MUDA.KL,1.0,matched
Thái/GESH.KL,GESH.KL,GE-SHEN Corporation Bhd,GESH.KL,1.0,matched
Dương/51. TRVT,51. TRVT,Triveni Turbine Ltd,TRVT.NS,1.0,matched
Thái/THEA.KL,THEA.KL,Three-A Resources Bhd,THEA.KL,1.0,matched
Vân/NetX Holdings Bhd,NetX Holdings Bhd,NetX Holdings Bhd,NETX.KL,1.0000000000000002,matched
Giang/FOHE.NS,FOHE.NS,Fortis Healthcare Ltd,FOHE.NS,1.0,matched
Vân/CA Sales Holdings Ltd,CA Sales Holdings Ltd,Caplin Point Laboratories Ltd,CAPL.NS,1.0,matched
Vân/Homeritz Corporation Bhd,Homeritz Corporation Bhd,Homeritz Corporation Bhd,HOME.KL,1.0000000000000002,matched
Dương/128. SISI,128. SISI,SIS Ltd,SISI.NS,1.0,matched
Vân/Metair Investments Ltd,Metair Investments Ltd,Metair Investments Ltd,MTAJ.J,1.0000000000000002,matched
Thái/DELM.KL,DELM.KL,DKSH Holdings (Malaysia) Bhd,DELM.KL,1.0,matched
Dương/215 + MEGI.NS,215 + MEGI.NS,Meghmani Organics Ltd,MEGI.NS,1.0,matched
Giang/GLAX.NS,GLAX.NS,GlaxoSmithKline Pharmaceuticals Ltd,GLAX.NS,1.0,matched
Thái/NCTA.KL,NCTA.KL,NCT Alliance Bhd,NCTA.KL,1.0,matched
Vân/Mpact Ltd,Mpact Ltd,Mpact Ltd,MPTJ.J,1.0,matched
Giang/RSYS.NS,RSYS.NS,R Systems International Ltd,RSYS.NS,1.0,matched
Giang/AITE.NS,AITE.NS,Aditya Birla Real Estate Ltd,AITE.NS,1.0,matched
Dương/42. GALX,42. GALX,Galaxy Surfactants Ltd,GALX.NS,1.0,matched
Giang/BLKI.NS,BLKI.NS,Balkrishna Industries Ltd,BLKI.NS,1.0,matched
Giang/MHSM.NS,MHSM.NS,Maharashtra Seamless Ltd,MHSM.NS,1.0,matched
Giang/ASTR.NS,ASTR.NS,Astrazeneca Pharma India Ltd,ASTR.NS,1.0,matched
Giang/SUPI.NS,SUPI.NS,Supreme Industries Ltd,SUPI.NS,1.0,matched
Dương/234 + TATE.NS,234 + TATE.NS,Tata Technologies Ltd,TATE.NS,1.0,matched
Dương/7. SAB,7. SAB,Saigon Beer Alcohol Beverage Corp,SAB.HM,1.0,matched
Dương/173.GREP.NS,173.GREP.NS,Greenpanel Industries Ltd,GREP.NS,1.0,matched
Dương/64. JUST,64. JUST,Just Dial Ltd,JUST.NS,1.0,matched
Vân/Oceana Group Ltd,Oceana Group Ltd,Oceana Group Ltd,OCEJ.J,1.0000000000000002,matched
Dương/136. ROUT,136. ROUT,Route Mobile Ltd,ROUT.NS,1.0,matched
Thái/MQTE.KL,MQTE.KL,MQ Technology Bhd,MQTE.KL,1.0,matched
Dương/5. BCG,5. BCG,Bamboo Capital Group JSC,BCG.HM,1.0,matched
Thái/KESM.KL,KESM.KL,KESM Industries Bhd,KESM.KL,1.0,matched
Thái/PSHL.KL,PSHL.KL,Pos Malaysia Bhd,PSHL.KL,1.0,matched
Vân/Equites Property Fund Ltd,Equites Property Fund Ltd,Equites Property Fund Ltd,EQUJ.J,1.0000000000000002,matched
Dương/145.ONTE.NS,145.ONTE.NS,Orient Electric Ltd,ONTE.NS,1.0,matched
Thái/PESO.KL,PESO.KL,Pesona Metro Holdings Bhd,PESO.KL,1.0,matched
Dương/243 + ALOK.NS,243 + ALOK.NS,Alok Industries Ltd,ALOK.NS,1.0,matched
Giang/KANE.NS,KANE.NS,Kansai Nerolac Paints Ltd,KANE.NS,1.0,matched
Vân,Vân,,,0.0,unmatched
Giang/KPRM.NS,KPRM.NS,KPR Mill Ltd,KPRM.NS,1.0,matched
Giang/RMT.NS,RMT.NS,Ratnamani Metals and Tubes Ltd,RMT.NS,1.0,matched
Giang/TCS.NS,TCS.NS,Tata Consultancy Services Ltd,TCS.NS,1.0,matched
Thái/COMF.KL,COMF.KL,Comfort Gloves Bhd,COMF.KL,1.0,matched
Dương/63. VMAR,63. VMAR,V-mart Retail Ltd,VMAR.NS,1.0,matched
Giang/BHEL.NS,BHEL.NS,Bharat Heavy Electricals Ltd,BHEL.NS,1.0,matched
Thái/CYLC.KL,CYLC.KL,CYL Corp Bhd,CYLC.KL,1.0,matched
Giang/KSBL.NS,KSBL.NS,KSB Ltd,KSBL.NS,1.0,matched
Vân/Impala Platinum Holdings Ltd annual report 2022,Impala Platinum Holdings Ltd annual report 2022,Impala Platinum Holdings Ltd,IMPJ.J,0.5023287782256718,matched
Vân/Exxaro Resources Ltd,Exxaro Resources Ltd,Exxaro Resources Ltd,EXXJ.J,1.0000000000000002,matched
Vân/Sappi Ltd,Sappi Ltd,Sappi Ltd,SAPJ.J,1.0,matched
Vân/TDM Bhd,TDM Bhd,TDM Bhd,TDMS.KL,1.0,matched
Dương/200+ALIV.NS,200+ALIV.NS,Alivus Life Sciences Ltd,ALIV.NS,1.0,matched
Vân/Sarawak Plantation Bhd,Sarawak Plantation Bhd,Sarawak Plantation Bhd,SPLN.KL,1.0000000000000002,matched
Thái/PANS.KL,PANS.KL,Pansar Bhd,PANS.KL,1.0,matched
Thái/RGTB.KL,RGTB.KL,RGT Bhd,RGTB.KL,1.0,matched
Vân/YTL Power International Bhd,YTL Power International Bhd,YTL Hospitality REIT,YTLR.KL,1.0,matched
Giang/DPFE.NS,DPFE.NS,Deepak Fertilisers and Petrochemicals Corp Ltd,DPFE.NS,1.0,matched
Vân/Dis-Chem Pharmacies Ltd,Dis-Chem Pharmacies Ltd,Dis-Chem Pharmacies Ltd,DCPJ.J,1.0000000000000002,matched
Vân/YTL Hospitality REIT,YTL Hospitality REIT,YTL Hospitality REIT,YTLR.KL,1.0,matched
Dương/163.KPIE.NS,163.KPIE.NS,KPIT Technologies Ltd,KPIE.NS,1.0,matched
Giang/HOEX.NS,HOEX.NS,Hindustan Oil Exploration Company Ltd,HOEX.NS,1.0,matched
Thái/SYML.KL,SYML.KL,Symphony Life Bhd,SYML.KL,1.0,matched
