Rank,Company Name,HQ,Industry Group,Mkt. Cap (M),ESG Score
126,London Stock Exchange Group PLC,GB,Investment Banking & Investment Services,"$65,048",72.99
1,Arcelik AS,TR,Household Goods,"$2,306",92.51
2,Delta Electronics Thailand PCL,TH,"Machinery, Tools, Heavy Vehicles, Trains & Ships","$59,307",92.05
3,Lojas Renner SA,BR,Specialty Retailers,"$3,158",91.16
4,Siam Cement PCL,TH,Consumer Goods Conglomerates,"$7,558",90.58
5,Vale SA,BR,Metals & Mining,"$45,559",90.37
6,Banco Santander Brasil SA,BR,Banking Services,"$18,754",90.25
7,Nestle (Malaysia) Bhd,MY,Food & Tobacco,"$4,870",90.08
8,Infosys Ltd,IN,Software & IT Services,"$67,518",89.61
9,Turkiye Is Bankasi AS,TR,Banking Services,"$9,503",89.55
10,Itau Unibanco Holding SA,BR,Banking Services,"$71,281",89.50
11,ENKA Insaat ve Sanayi AS,TR,Construction & Engineering,"$10,798",89.29
12,Haci Omer Sabanci Holding AS,TR,Investment Holding Companies,"$5,106",89.06
13,Mahindra and Mahindra Ltd,IN,Automobiles & Auto Parts,"$44,958",89.04
14,Minor International PCL,TH,Hotels & Entertainment Services,"$4,306",87.84
15,Bank Central Asia Tbk PT,ID,Banking Services,"$66,906",87.44
16,Wipro Ltd,IN,Software & IT Services,"$28,891",87.10
17,Wal Mart de Mexico SAB de CV,MX,Diversified Retail,"$52,661",86.88
18,Cemex SAB de CV,MX,Construction Materials,"$13,151",86.54
19,UEM Sunrise Bhd,MY,Real Estate Operations,$909,85.98
20,Kumba Iron Ore Ltd,ZA,Metals & Mining,"$5,553",85.83
21,Grupo Bimbo SAB de CV,MX,Food & Tobacco,"$12,914",85.74
22,Ayala Land Inc,PH,Real Estate Operations,"$6,946",85.65
23,Turkiye Sinai Kalkinma Bankasi AS,TR,Banking Services,$920,85.50
24,Fibra Uno Administracion SC,MX,Investment Banking & Investment Services,"$5,329",85.42
25,Bumi Resources Tbk PT,ID,Coal,"$2,463",85.20
26,ENGIE Brasil Energia SA,BR,Electric Utilities & IPPs,"$5,926",85.13
27,Coca-Cola Icecek AS,TR,Beverages,"$3,448",85.07
28,Santander Bank Polska SA,PL,Banking Services,"$15,914",85.06
29,Dr Reddy's Laboratories Ltd,IN,Pharmaceuticals,"$11,912",85.05
30,Celsia SA,CO,Electric Utilities & IPPs,"$1,272",84.81
31,Koc Holding AS,TR,Investment Holding Companies,"$11,227",83.94
32,Thai Oil PCL,TH,Oil & Gas,"$2,362",83.62
33,Enerjisa Enerji AS,TR,Electric Utilities & IPPs,"$1,999",83.52
34,CIMB Group Holdings Bhd,MY,Banking Services,"$18,292",83.40
35,Greek Organisation of Football Prognostics SA,GR,Hotels & Entertainment Services,"$8,683",83.02
36,Companhia Paranaense de Energia,BR,Electric Utilities & IPPs,"$6,501",83.00
37,Solidcore Resources plc PK,KZ,Metals & Mining,"$1,438",82.84
38,Malayan Banking Bhd,MY,Banking Services,"$28,174",82.74
39,Cementos Argos SA,CO,Construction Materials,"$3,459",82.61
40,Tim SA,BR,Telecommunications Services,"$9,901",82.41
40,BTS Group Holdings PCL,TH,Passenger Transportation Services,"$1,729",82.41
42,Singha Estate PCL,TH,Real Estate Operations,$116,82.13
43,Vale Indonesia Tbk PT,ID,Metals & Mining,"$2,544",82.07
44,Ford Otomotiv Sanayi AS,TR,Automobiles & Auto Parts,"$9,061",81.92
45,Totvs SA,BR,Software & IT Services,"$4,701",81.24
46,Tata Motors Ltd,IN,Automobiles & Auto Parts,"$27,901",80.98
47,Piraeus Financial Holdings SA,GR,Banking Services,"$10,620",80.90
48,Dexco SA,BR,Paper & Forest Products,$860,80.78
49,Banco Bradesco SA,BR,Banking Services,"$29,377",80.68
50,Aygaz AS,TR,Oil & Gas,$872,80.62
51,National Bank of Greece SA,GR,Banking Services,"$14,137",80.54
52,Tata Consultancy Services Ltd,IN,Software & IT Services,"$125,422",80.49
53,Grupo Financiero Banorte SAB de CV,MX,Banking Services,"$26,106",80.44
54,Ellaktor SA,GR,Construction & Engineering,$547,80.40
55,British American Tobacco (Malaysia) Bhd,MY,Food & Tobacco,$336,80.28
56,AG Anadolu Grubu Holding AS,TR,Investment Holding Companies,"$1,771",80.19
57,Centrais Eletricas Brasileiras SA - Eletrobras,BR,Electric Utilities & IPPs,"$19,397",80.02
58,Fleury SA,BR,Healthcare Providers & Services,"$1,416",79.90
59,PTT PCL,TH,Oil & Gas,"$28,660",79.75
59,Dogan Sirketler Grubu Holding AS,TR,Investment Holding Companies,"$1,165",79.75
61,Vestel Elektronik Sanayi ve Ticaret AS,TR,Household Goods,$311,79.74
62,WHA Corporation PCL,TH,Real Estate Operations,"$1,661",79.73
63,Central Pattana PCL,TH,Real Estate Operations,"$7,309",79.72
63,Suzano SA,BR,Paper & Forest Products,"$12,612",79.72
65,Central Plaza Hotel PCL,TH,Hotels & Entertainment Services,"$1,198",79.68
65,Ambuja Cements Ltd,IN,Construction Materials,"$16,393",79.68
67,Orbia Advance Corporation SAB de CV,MX,Chemicals,"$1,315",79.60
68,Banpu PCL,TH,Coal,"$1,516",79.17
69,Nedbank Group Ltd,ZA,Banking Services,"$6,567",78.67
70,Logo Yazilim Sanayi ve Ticaret AS,TR,Software & IT Services,$397,78.65
71,Ulker Biskuvi Sanayi AS,TR,Food & Tobacco,"$1,039",78.62
72,PTT Global Chemical PCL,TH,Chemicals,"$3,341",78.61
73,Metlen Energy & Metals SA,GR,Multiline Utilities,"$9,263",78.56
74,Bank Negara Indonesia (Persero) Tbk PT,ID,Banking Services,"$9,912",78.51
75,SD Guthrie Bhd,MY,Food & Tobacco,"$8,146",78.43
76,Gold Fields Ltd,ZA,Metals & Mining,"$27,441",78.32
76,Valterra Platinum Ltd,ZA,Metals & Mining,"$13,010",78.32
78,BRF SA,BR,Food & Tobacco,"$5,881",78.20
79,Bank Mandiri (Persero) Tbk PT,ID,Banking Services,"$27,641",77.98
80,Amata Corporation PCL,TH,Real Estate Operations,$586,77.97
81,IRPC PCL,TH,Oil & Gas,$631,77.88
82,Turkiye Garanti Bankasi AS,TR,Banking Services,"$15,282",77.81
83,Anadolu Hayat Emeklilik AS,TR,Insurance,$884,77.56
84,Migros Ticaret AS,TR,Food & Drug Retailing,"$2,257",77.35
85,Sappi Ltd,ZA,Paper & Forest Products,$985,77.30
86,Tiger Brands Ltd,ZA,Food & Tobacco,"$3,077",77.29
87,Indo Tambangraya Megah Tbk PT,ID,Coal,"$1,560",76.88
88,Eurobank Ergasias Services and Holdings SA,GR,Banking Services,"$14,927",76.80
89,Hong Leong Bank Bhd,MY,Banking Services,"$10,100",76.67
90,Vakrangee Limited,IN,Software & IT Services,$107,76.31
91,Public Bank Bhd,MY,Banking Services,"$20,384",76.23
92,TAV Havalimanlari Holding AS,TR,Transport Infrastructure,"$2,285",76.20
93,AMMB Holdings Bhd,MY,Banking Services,"$4,303",76.03
94,Kordsa Teknik Tekstil AS,TR,Textiles & Apparel,$291,75.98
95,HCL Technologies Ltd,IN,Software & IT Services,"$46,434",75.94
96,Woolworths Holdings Ltd,ZA,Diversified Retail,"$2,894",75.89
97,Godrej Consumer Products Ltd,IN,Personal & Household Products & Services,"$14,003",75.85
98,Manila Water Company Inc,PH,Water & Related Utilities,"$1,898",75.72
99,Brisa Bridgestone Sabanci Lastik Sanayi ve Ticaret AS,TR,Automobiles & Auto Parts,$578,75.63
100,Grupo de Inversiones Suramericana SA,CO,Insurance,"$4,302",75.51
101,Banco do Brasil SA,BR,Banking Services,"$20,467",75.44
102,Energy of Minas Gerais Co,BR,Electric Utilities & IPPs,"$6,499",75.13
103,Havells India Ltd,IN,"Machinery, Tools, Heavy Vehicles, Trains & Ships","$10,493",75.12
104,Petronas Dagangan Bhd,MY,Oil & Gas,"$5,526",75.07
105,Aspen Pharmacare Holdings Ltd,ZA,Pharmaceuticals,"$2,953",74.96
106,ING Bank Slaski SA,PL,Banking Services,"$12,145",74.83
107,Powszechny Zaklad Ubezpieczen SA,PL,Insurance,"$15,529",74.80
108,Magyar Telekom Tavkozlesi Nyrt,HU,Telecommunications Services,"$5,269",74.79
109,Larsen and Toubro Ltd,IN,Construction & Engineering,"$58,008",74.77
110,Sasol Ltd,ZA,Chemicals,"$3,598",74.61
111,Axis Bank Ltd,IN,Banking Services,"$37,755",74.59
112,B3 SA Brasil Bolsa Balcao,BR,Investment Banking & Investment Services,"$12,766",74.57
113,Unilever Indonesia Tbk PT,ID,Personal & Household Products & Services,"$4,183",74.44
114,Petroleo Brasileiro SA Petrobras,BR,Oil & Gas,"$76,251",74.41
115,Hellenic Telecommunications Organization SA,GR,Telecommunications Services,"$7,637",74.36
116,Orange Polska SA,PL,Telecommunications Services,"$3,101",73.91
117,OTP Bank Nyrt,HU,Banking Services,"$25,166",73.81
118,Ashok Leyland Ltd,IN,"Machinery, Tools, Heavy Vehicles, Trains & Ships","$8,028",73.75
119,Thai Union Group PCL,TH,Food & Tobacco,"$1,733",73.52
120,Indian Hotels Company Ltd,IN,Hotels & Entertainment Services,"$12,511",73.48
121,MTN Group Ltd,ZA,Telecommunications Services,"$17,948",73.34
122,Turk Hava Yollari AO,TR,Passenger Transportation Services,"$10,993",73.20
123,BRD Groupe Societe Generale SA,RO,Banking Services,"$3,184",73.19
124,Life Healthcare Group Holdings Ltd,ZA,Healthcare Providers & Services,"$1,160",73.07
125,Grupo Nutresa SA,CO,Food & Tobacco,"$14,709",73.03
127,HDFC Bank Ltd,IN,Banking Services,"$173,528",72.94
128,Pruksa Holding PCL,TH,Real Estate Operations,$303,72.86
129,Turkiye Sise ve Cam Fabrikalari AS,TR,Consumer Goods Conglomerates,"$2,947",72.79
130,Yapi ve Kredi Bankasi AS,TR,Banking Services,"$6,902",72.78
131,SM Prime Holdings Inc,PH,Real Estate Operations,"$12,079",72.68
132,Investec Ltd,ZA,Investment Banking & Investment Services,"$6,981",72.58
133,Aneka Tambang Tbk PT,ID,Metals & Mining,"$4,295",72.52
134,Vedanta Ltd,IN,Metals & Mining,"$19,564",72.45
134,Jasa Marga (Persero) Tbk PT,ID,Transport Infrastructure,"$1,605",72.45
136,Bank Rakyat Indonesia (Persero) Tbk PT,ID,Banking Services,"$37,603",72.37
137,ITC Ltd,IN,Food & Tobacco,"$59,219",72.34
138,Reliance Industries Ltd,IN,Oil & Gas,"$213,619",72.25
138,Nestle India Ltd,IN,Food & Tobacco,"$24,150",72.25
140,Bumi Armada Bhd,MY,Oil & Gas Related Equipment and Services,$554,72.24
141,Cipla Ltd,IN,Pharmaceuticals,"$14,396",72.17
142,Sime Darby Property Bhd,MY,Real Estate Operations,"$2,477",72.13
143,Indusind Bank Ltd,IN,Banking Services,"$6,880",72.07
144,Almacenes Exito SA,CO,Food & Drug Retailing,"$1,090",72.04
145,Banca Transilvania SA,RO,Banking Services,"$7,222",71.80
146,Electricity Generating PCL,TH,Electric Utilities & IPPs,"$1,837",71.78
146,Eregli Demir ve Celik Fabrikalari TAS,TR,Metals & Mining,"$4,791",71.78
148,Truworths International Ltd,ZA,Specialty Retailers,"$1,612",71.70
149,Cementos Pacasmayo SAA,PE,Construction Materials,$566,71.65
149,Akcansa Cimento Sanayi ve Ticaret AS,TR,Construction Materials,$651,71.65
151,Barloworld Ltd,ZA,"Machinery, Tools, Heavy Vehicles, Trains & Ships","$1,265",71.64
152,ACC Ltd,IN,Construction Materials,"$3,830",71.63
153,Impala Platinum Holdings Ltd,ZA,Metals & Mining,"$8,719",71.61
154,Biocon Ltd,IN,Biotechnology & Medical Research,"$5,489",71.53
155,Bangchak Corporation PCL,TH,Oil & Gas,"$1,435",71.50
156,Advanced Info Service PCL,TH,Telecommunications Services,"$27,639",71.21
157,Hanjaya Mandala Sampoerna Tbk PT,ID,Food & Tobacco,"$3,894",71.20
158,Indorama Ventures PCL,TH,Chemicals,"$3,987",71.14
159,Turk Traktor ve Ziraat Makineleri AS,TR,"Machinery, Tools, Heavy Vehicles, Trains & Ships","$1,507",71.10
160,Turk Telekomunikasyon AS,TR,Telecommunications Services,"$4,979",71.00
161,Vibra Energia SA,BR,Oil & Gas,"$4,394",70.95
162,Metalurgica Gerdau SA,BR,Metals & Mining,"$1,683",70.88
162,Harmony Gold Mining Company Ltd,ZA,Metals & Mining,"$9,915",70.88
164,Akbank TAS,TR,Banking Services,"$8,732",70.87
165,Anadolu Anonim Turk Sigorta Sti,TR,Insurance,"$1,137",70.81
166,Charoen Pokphand Foods PCL,TH,Food & Tobacco,"$6,125",70.74
167,Vesta Real Estate Corporation SAB de CV,MX,Real Estate Operations,"$2,554",70.39
168,Anadolu Efes Biracilik ve Malt Sanayii AS,TR,Beverages,"$2,496",70.17
169,Turkiye Vakiflar Bankasi TAO,TR,Banking Services,"$6,675",70.11
170,Natura Cosmeticos SA,BR,Personal & Household Products & Services,"$2,227",70.09
171,Page Industries Ltd,IN,Textiles & Apparel,"$5,543",70.08
172,Athens Water Supply and Sewerage Company SA,GR,Water & Related Utilities,$920,70.02
173,Kalbe Farma Tbk PT,ID,Pharmaceuticals,"$4,026",69.98
174,BIM Birlesik Magazalar AS,TR,Diversified Retail,"$7,739",69.89
175,Hypera SA,BR,Pharmaceuticals,"$2,690",69.82
176,Alpha Bank SA,GR,Banking Services,"$9,637",69.78
177,Axiata Group Bhd,MY,Telecommunications Services,"$5,866",69.75
178,Tofas Turk Otomobil Fabrikasi AS,TR,Automobiles & Auto Parts,"$2,911",69.45
179,MISC Bhd,MY,Transport Infrastructure,"$8,172",69.44
180,Companhia Brasileira de Distribuicao SA,BR,Food & Drug Retailing,$246,69.43
181,Old Mutual Ltd,ZA,Insurance,"$3,412",69.41
182,Turkiye Halk Bankasi AS,TR,Banking Services,"$4,805",69.23
183,Siemens Ltd,IN,"Machinery, Tools, Heavy Vehicles, Trains & Ships","$12,811",69.22
184,Zorlu Enerji Elektrik Uretim AS,TR,Electric Utilities & IPPs,$409,69.00
185,Ecopetrol SA,CO,Oil & Gas,"$17,975",68.99
186,Corporacion Aceros Arequipa SA,PE,Metals & Mining,$495,68.86
187,Americanas SA - Em Recuperacao Judicial,BR,Diversified Retail,$195,68.80
188,Genomma Lab Internacional SAB de CV,MX,Pharmaceuticals,"$1,205",68.74
189,Vodacom Group Ltd,ZA,Telecommunications Services,"$16,726",68.66
190,Vestel Beyaz Esya Sanayi ve Ticaret AS,TR,Household Goods,$407,68.64
190,OMV Petrom SA,RO,Oil & Gas,"$12,345",68.64
192,No Va Land Investment Group Corp,VN,Real Estate Operations,"$1,371",68.58
193,Grupo Televisa SAB,MX,Media & Publishing,"$1,194",68.51
194,DLF Ltd,IN,Real Estate Operations,"$21,412",68.49
195,Fomento Economico Mexicano SAB de CV,MX,Food & Drug Retailing,"$28,389",68.27
196,Tekfen Holding AS,TR,Construction & Engineering,$906,68.13
197,Bank of Ayudhya PCL,TH,Banking Services,"$5,382",68.10
198,RBL Bank Ltd,IN,Banking Services,"$1,772",67.97
199,Vietnam Dairy Products JSC,VN,Food & Tobacco,"$4,866",67.94
200,CCC SA,PL,Specialty Retailers,"$3,492",67.85
201,CSN Mineracao SA,BR,Metals & Mining,"$4,979",67.75
202,Ecorodovias Infraestrutura e Logistica SA,BR,Transport Infrastructure,$914,67.72
202,Aenza SAA,PE,Construction & Engineering,$194,67.72
204,Oceana Group Ltd,ZA,Food & Tobacco,$390,67.64
204,TISCO Financial Group PCL,TH,Banking Services,"$2,521",67.64
206,MOL Magyar Olaj es Gazipari Nyrt,HU,Oil & Gas,"$7,258",67.55
207,Kiatnakin Phatra Bank PCL,TH,Banking Services,"$1,510",67.53
208,IHH Healthcare Bhd,MY,Healthcare Providers & Services,"$14,441",67.47
209,S P Setia Bhd,MY,Real Estate Operations,"$1,290",67.36
210,African Rainbow Minerals Ltd,ZA,Metals & Mining,"$2,348",67.35
211,Foschini Group Ltd,ZA,Specialty Retailers,"$2,053",67.32
212,Bolsa de Valores de Colombia SA,CO,Investment Banking & Investment Services,$187,67.27
213,Aditya Birla Fashion and Retail Ltd,IN,Specialty Retailers,"$1,037",67.26
214,Jubilant Foodworks Ltd,IN,Hotels & Entertainment Services,"$4,804",67.18
215,Coca-Cola Femsa SAB de CV,MX,Beverages,"$17,937",67.17
216,mBank SA,PL,Banking Services,"$11,610",67.09
217,Sri Trang Gloves (Thailand) PCL,TH,Healthcare Equipment & Supplies,$615,67.05
217,Light SA,BR,Electric Utilities & IPPs,$455,67.05
219,Grupo Energia Bogota SA ESP,CO,Natural Gas Utilities,"$6,781",67.04
220,Sun International Ltd,ZA,Hotels & Entertainment Services,$683,67.01
221,Indian Oil Corporation Ltd,IN,Oil & Gas,"$22,964",66.99
222,Attijariwafa Bank SA,MA,Banking Services,"$18,224",66.91
223,Home Product Center PCL,TH,Specialty Retailers,"$2,883",66.89
224,ICICI Bank Ltd,IN,Banking Services,"$115,758",66.85
225,Kasikornbank PCL,TH,Banking Services,"$12,362",66.84
226,Bank of the Philippine Islands,PH,Banking Services,"$10,960",66.77
227,Alsea SAB de CV,MX,Hotels & Entertainment Services,"$2,422",66.74
228,Banco BBVA Peru SA,PE,Banking Services,"$3,897",66.64
229,Tata Steel Ltd,IN,Metals & Mining,"$22,830",66.63
230,Press Metal Aluminium Holdings Bhd,MY,Metals & Mining,"$10,933",66.62
231,Turkiye Petrol Rafinerileri AS,TR,Oil & Gas,"$7,730",66.36
232,SPAR Group Ltd,ZA,Food & Drug Retailing,"$1,190",66.32
233,M Dias Branco SA Industria e Comercio de Alimentos,BR,Food & Tobacco,"$1,829",66.24
233,Wha Utilities and Power PCL,TH,Water & Related Utilities,$409,66.24
235,IOI Properties Group Bhd,MY,Real Estate Operations,"$2,852",66.23
235,Perusahaan Gas Negara Tbk PT,ID,Natural Gas Utilities,"$2,502",66.23
237,Westports Holdings Bhd,MY,Transport Infrastructure,"$4,662",66.20
238,Banco de Credito del Peru,PE,Banking Services,"$17,039",66.18
239,Dogus Otomotiv Servis ve Ticaret AS,TR,Specialty Retailers,"$1,046",66.12
240,Aksa Akrilik Kimya Sanayii AS,TR,Textiles & Apparel,$954,65.93
241,Krung Thai Bank PCL,TH,Banking Services,"$10,528",65.76
242,UltraTech Cement Ltd,IN,Construction Materials,"$41,648",65.73
243,Mphasis Ltd,IN,Software & IT Services,"$5,854",65.69
244,Orygen Peru SAA,PE,Electric Utilities & IPPs,"$2,267",65.60
245,Telefonica Brasil SA,BR,Telecommunications Services,"$19,777",65.56
245,Bank Tabungan Negara (Persero) Tbk PT,ID,Banking Services,"$1,139",65.56
247,Clicks Group Ltd,ZA,Food & Drug Retailing,"$5,023",65.54
248,Absa Group Ltd,ZA,Banking Services,"$9,593",65.52
249,Ultrapar Participacoes SA,BR,Oil & Gas,"$3,504",65.45
250,Ayala Corp,PH,Real Estate Operations,"$6,813",65.42
251,Asset World Corp PCL,TH,Hotels & Entertainment Services,"$2,214",65.38
252,SCG Packaging PCL,TH,Containers & Packaging,"$2,372",65.35
253,Tech Mahindra Ltd,IN,Software & IT Services,"$16,841",65.28
254,United Tractors Tbk PT,ID,Coal,"$5,499",65.17
255,Tecnoglass Inc,CO,Homebuilding & Construction Supplies,"$3,903",65.15
256,Bursa Malaysia Bhd,MY,Investment Banking & Investment Services,"$1,478",65.02
256,Standard Bank Group Ltd,ZA,Banking Services,"$22,957",65.02
258,CIMB Thai Bank PCL,TH,Banking Services,$398,65.00
259,Styrenix Performance Materials Ltd,IN,Chemicals,$538,64.95
260,Otokar Otomotiv ve Savunma Sanayi AS,TR,"Machinery, Tools, Heavy Vehicles, Trains & Ships","$1,658",64.89
261,Bukit Asam Tbk PT,ID,Coal,"$1,734",64.85
262,PTT Exploration and Production PCL,TH,Oil & Gas,"$14,463",64.83
263,JSE Ltd,ZA,Investment Banking & Investment Services,$654,64.76
263,Mahindra and Mahindra Financial Services Ltd,IN,Banking Services,"$4,106",64.76
265,Yes Bank Ltd,IN,Banking Services,"$6,744",64.75
266,Glenmark Pharmaceuticals Ltd,IN,Pharmaceuticals,"$6,538",64.72
267,Akenerji Elektrik Uretim AS,TR,Electric Utilities & IPPs,$210,64.56
268,KPJ Healthcare Bhd,MY,Healthcare Providers & Services,"$3,105",64.55
268,Thai Beverage PCL,TH,Beverages,"$9,205",64.55
270,Cimsa Cimento Sanayi ve Ticaret AS,TR,Construction Materials,"$1,130",64.43
271,Klabin SA,BR,Containers & Packaging,"$4,166",64.40
272,Motor Oil Hellas Corinth Refineries SA,GR,Oil & Gas,"$3,481",64.34
273,Empresa Siderurgica del Peru SAA,PE,Metals & Mining,$360,64.33
274,Motiva Infraestrutura de Mobilidade SA,BR,Transport Infrastructure,"$4,898",64.31
275,CPFL Energia SA,BR,Electric Utilities & IPPs,"$8,360",64.28
276,Marico Ltd,IN,Food & Tobacco,"$10,511",64.12
277,MLP Saglik Hizmetleri AS,TR,Healthcare Providers & Services,"$1,736",64.03
277,Telekom Malaysia Bhd,MY,Telecommunications Services,"$6,563",64.03
279,Kimberly-Clark de Mexico SAB de CV,MX,Personal & Household Products & Services,"$5,834",63.98
280,Adani Ports and Special Economic Zone Ltd,IN,Transport Infrastructure,"$32,545",63.92
280,MRV Engenharia e Participacoes SA,BR,Real Estate Operations,$721,63.92
282,Bank Handlowy w Warszawie SA,PL,Banking Services,"$4,025",63.74
283,Motus Holdings Ltd,ZA,Specialty Retailers,$962,63.72
284,Sibanye Stillwater Ltd,ZA,Metals & Mining,"$6,168",63.70
285,Bangkok Bank PCL,TH,Banking Services,"$9,135",63.61
286,Hindustan Unilever Ltd,IN,Personal & Household Products & Services,"$66,934",63.56
287,Suzlon Energy Ltd,IN,Renewable Energy,"$9,449",63.54
288,Hulamin Ltd,ZA,Metals & Mining,$52,63.53
289,TV Azteca SAB de CV,MX,Media & Publishing,$80,63.42
290,Credicorp Ltd,PE,Banking Services,"$19,792",63.36
291,CelcomDigi Bhd,MY,Telecommunications Services,"$10,655",63.35
292,Exxaro Resources Ltd,ZA,Coal,"$3,256",63.31
293,Bid Corporation Ltd,ZA,Food & Drug Retailing,"$8,876",63.30
294,Hellenic Exchanges Athens Stock Exchange SA,GR,Investment Banking & Investment Services,$492,63.27
295,Netcare Ltd,ZA,Healthcare Providers & Services,"$1,124",63.22
296,Global Power Synergy PCL,TH,Electric Utilities & IPPs,"$3,156",63.20
297,XLSMART Telecom Sejahtera Tbk PT,ID,Telecommunications Services,"$3,253",63.12
298,Santam Ltd,ZA,Insurance,"$2,838",63.10
298,Nexa Resources Peru SAA,PE,Metals & Mining,$461,63.10
300,Advtech Ltd,ZA,Miscellaneous Educational Service Providers,"$1,002",63.05
301,Usinas Siderurgicas de Minas Gerais SA USIMINAS,BR,Metals & Mining,"$1,020",63.03
302,Akis Gayrimenkul Yatirim Ortakligi AS,TR,Residential & Commercial REITs,$422,62.96
303,Fraser & Neave Holdings Bhd,MY,Beverages,"$2,426",62.90
304,Grupo Mexico SAB de CV,MX,Metals & Mining,"$53,408",62.80
305,Industrias Penoles SAB de CV,MX,Metals & Mining,"$12,098",62.63
305,Hindalco Industries Ltd,IN,Metals & Mining,"$17,892",62.63
307,Northam Platinum Holdings Ltd,ZA,Metals & Mining,"$4,976",62.62
308,Turkcell Iletisim Hizmetleri AS,TR,Telecommunications Services,"$5,283",62.57
309,Pegasus Hava Tasimaciligi AS,TR,Passenger Transportation Services,"$3,157",62.42
310,Dabur India Ltd,IN,Personal & Household Products & Services,"$10,196",62.41
311,BGrimm Power PCL,TH,Electric Utilities & IPPs,$934,62.39
312,BDO Unibank Inc,PH,Banking Services,"$13,480",62.36
313,Grupo Cibest SA,CO,Banking Services,"$7,224",62.23
314,Bank Polska Kasa Opieki SA,PL,Banking Services,"$15,717",62.17
315,Indocement Tunggal Prakarsa Tbk PT,ID,Construction Materials,"$1,393",62.11
316,Bank Danamon Indonesia Tbk PT,ID,Banking Services,"$1,516",62.10
317,Controladora Vuela Compania de Aviacion SAB de CV,MX,Passenger Transportation Services,$692,61.97
317,VGI PCL,TH,Media & Publishing,"$1,284",61.97
319,National Bank of Bahrain BSC,BH,Banking Services,"$3,097",61.94
319,Localiza Rent a Car SA,BR,Passenger Transportation Services,"$6,979",61.94
321,Ferreycorp SAA,PE,"Machinery, Tools, Heavy Vehicles, Trains & Ships",$901,61.87
322,Albaraka Turk Katilim Bankasi AS,TR,Banking Services,$520,61.86
323,LPP SA,PL,Specialty Retailers,"$8,410",61.83
324,Genting Malaysia Bhd,MY,Hotels & Entertainment Services,"$2,809",61.75
325,Divi's Laboratories Ltd,IN,Pharmaceuticals,"$18,490",61.72
326,Info Edge (India) Ltd,IN,Software & IT Services,"$9,800",61.46
327,Santos Brasil Participacoes SA,BR,Transport Infrastructure,"$2,259",61.37
328,Metair Investments Ltd,ZA,Automobiles & Auto Parts,$71,61.28
329,Growthpoint Properties Ltd,ZA,Residential & Commercial REITs,"$2,876",61.16
330,Grupo BVL SAA,PE,Investment Banking & Investment Services,$125,61.11
331,Powszechna Kasa Oszczednosci Bank Polski SA,PL,Banking Services,"$29,220",61.09
332,Capital A Berhad,MY,Passenger Transportation Services,$847,61.07
332,Pluz Energia Peru SAA,PE,Electric Utilities & IPPs,"$1,054",61.07
334,RS PCL,TH,Media & Publishing,$20,61.06
335,Voltas Ltd,IN,"Machinery, Tools, Heavy Vehicles, Trains & Ships","$4,821",61.04
336,Bharat Petroleum Corporation Ltd,IN,Oil & Gas,"$15,975",60.95
337,Arab Bank PLC,JO,Banking Services,"$5,313",60.83
338,Redefine Properties Ltd,ZA,Residential & Commercial REITs,"$2,007",60.74
339,Hindustan Petroleum Corp Ltd,IN,Oil & Gas,"$9,987",60.73
340,Adcock Ingram Holdings Ltd,ZA,Pharmaceuticals,$638,60.72
341,AECI Ltd,ZA,Chemicals,$662,60.70
342,Embraer SA,BR,Aerospace & Defense,"$10,864",60.63
342,Alamtri Resources Indonesia Tbk PT,ID,Coal,"$3,458",60.63
344,iOCO Ltd,ZA,Software & IT Services,$156,60.62
345,Momentum Group Ltd,ZA,Insurance,"$2,769",60.60
346,Polisan Holding AS,TR,Chemicals,$408,60.59
347,Spur Corporation Ltd,ZA,Hotels & Entertainment Services,$171,60.57
348,Kotak Mahindra Bank Ltd,IN,Banking Services,"$45,128",60.54
349,Sansiri PCL,TH,Real Estate Operations,$823,60.40
350,Chularat Hospital PCL,TH,Healthcare Providers & Services,$621,60.36
351,GMR Airports Ltd,IN,Transport Infrastructure,"$10,687",60.33
352,Raia Drogasil S/A,BR,Food & Drug Retailing,"$5,575",60.27
352,Hero MotoCorp Ltd,IN,Automobiles & Auto Parts,"$10,893",60.27
354,Mavi Giyim Sanayi ve Ticaret AS,TR,Specialty Retailers,$797,60.22
355,Pick N Pay Stores Ltd,ZA,Food & Drug Retailing,"$1,154",60.16
356,Fresnillo PLC,MX,Metals & Mining,"$17,016",60.12
357,Arca Continental SAB de CV,MX,Beverages,"$18,044",59.98
358,PTG Energy PCL,TH,Oil & Gas,$363,59.97
359,Coronation Fund Managers Ltd,ZA,Investment Banking & Investment Services,$958,59.92
359,Banco del Bajio SA Institucion de Banca Multiple,MX,Banking Services,"$2,733",59.92
361,Thaicom PCL,TH,Telecommunications Services,$337,59.87
362,Central Retail Corporation PCL,TH,Diversified Retail,"$3,966",59.86
363,Bosch Ltd,IN,Automobiles & Auto Parts,"$13,018",59.85
364,Alicorp SAA,PE,Consumer Goods Conglomerates,"$1,834",59.79
365,Airports of Thailand PCL,TH,Transport Infrastructure,"$17,642",59.65
366,KGHM Polska Miedz SA,PL,Metals & Mining,"$7,509",59.62
367,Attacq Ltd,ZA,Residential & Commercial REITs,$625,59.61
368,Interconnection Electric SA ESP,CO,Electric Utilities & IPPs,"$6,335",59.55
369,Banco Davivienda SA,CO,Banking Services,$717,59.54
370,Tata Consumer Products Ltd,IN,Food & Tobacco,"$11,932",59.47
371,Banpu Power PCL,TH,Electric Utilities & IPPs,$786,59.41
372,RHB Bank Bhd,MY,Banking Services,"$6,675",59.32
373,IJM Corporation Bhd,MY,Construction & Engineering,"$2,588",59.29
374,Tata Power Company Ltd,IN,Electric Utilities & IPPs,"$14,126",59.15
375,Aselsan Elektronik Sanayi ve Ticaret AS,TR,Aerospace & Defense,"$19,516",59.11
376,ICICI Lombard General Insurance Company Ltd,IN,Insurance,"$10,853",58.94
376,Oi SA - em Recuperacao Judicial,BR,Telecommunications Services,$36,58.94
378,Neoenergia SA,BR,Electric Utilities & IPPs,"$5,996",58.91
379,Vodafone Idea Ltd,IN,Telecommunications Services,"$7,867",58.88
380,Orlen SA,PL,Oil & Gas,"$25,041",58.85
380,Globe Telecom Inc,PH,Telecommunications Services,"$4,355",58.85
382,UPL Ltd,IN,Chemicals,"$6,433",58.84
383,DRDGOLD Ltd,ZA,Metals & Mining,"$1,323",58.80
383,Reunert Ltd,ZA,"Machinery, Tools, Heavy Vehicles, Trains & Ships",$570,58.80
385,Itausa SA,BR,Banking Services,"$22,427",58.79
386,Elang Mahkota Teknologi Tbk PT,ID,Media & Publishing,"$3,677",58.72
387,Gamuda Bhd,MY,Construction & Engineering,"$7,691",58.66
388,Marfrig Global Foods SA,BR,Food & Tobacco,"$3,409",58.63
389,Cogna Educacao SA,BR,"Schools, Colleges & Universities",$998,58.58
390,Budimex SA,PL,Construction & Engineering,"$3,928",58.43
391,CP All PCL,TH,Food & Drug Retailing,"$12,758",58.34
392,YTL Corporation Bhd,MY,Multiline Utilities,"$6,980",58.27
393,Cyfrowy Polsat SA,PL,Telecommunications Services,"$2,582",58.22
394,WEG SA,BR,"Machinery, Tools, Heavy Vehicles, Trains & Ships","$28,471",58.19
394,Multiplan Empreendimentos Imobiliarios SA,BR,Real Estate Operations,"$2,521",58.19
396,Global Yatirim Holding AS,TR,Investment Holding Companies,$435,58.17
397,Muangthai Capital PCL,TH,Banking Services,"$2,454",58.16
398,Alpek SAB de CV,MX,Chemicals,"$1,012",58.09
399,Thermax Limited,IN,"Machinery, Tools, Heavy Vehicles, Trains & Ships","$4,245",58.06
400,Origin Property PCL,TH,Real Estate Operations,$162,57.99
401,Star Petroleum Refining PCL,TH,Oil & Gas,$664,57.95
402,Thai Vegetable Oil PCL,TH,Food & Tobacco,$670,57.84
402,TIPCO Asphalt PCL,TH,Construction Materials,$731,57.84
404,JSW Steel Ltd,IN,Metals & Mining,"$29,350",57.83
405,HELLENiQ ENERGY Holdings SA,GR,Oil & Gas,"$3,056",57.82
406,Banco BTG Pactual SA,BR,Investment Banking & Investment Services,"$37,421",57.78
407,Grupo Elektra SAB de CV,MX,Banking Services,"$4,174",57.75
408,Manila Electric Co,PH,Electric Utilities & IPPs,"$10,699",57.69
409,Avi Ltd,ZA,Food & Tobacco,"$1,845",57.67
410,Media Prima Bhd,MY,Media & Publishing,$96,57.66
411,Credito Real SAB de CV SOFOM ENR,MX,Banking Services,$7,57.54
412,GFPT PCL,TH,Food & Tobacco,$399,57.51
413,Tat Gida Sanayi AS,TR,Food & Tobacco,$80,57.49
414,Metropolitan Bank and Trust Co,PH,Banking Services,"$5,574",57.46
415,Gail (India) Ltd,IN,Natural Gas Utilities,"$13,014",57.42
416,LH Financial Group PCL,TH,Banking Services,$517,57.36
417,Richter Gedeon Vegyeszeti Gyar Nyrt,HU,Pharmaceuticals,"$5,777",57.35
418,Besler Gida ve Kimya Sanayi ve Ticaret AS,TR,Food & Tobacco,$263,57.24
419,Shree Cement Ltd,IN,Construction Materials,"$12,527",57.23
420,Tata Chemicals Ltd,IN,Chemicals,"$2,738",57.16
421,IDFC First Bank Ltd,IN,Banking Services,"$5,855",57.05
422,SM Investments Corp,PH,Food & Drug Retailing,"$17,253",57.04
423,Aluminium Bahrain BSC,BH,Metals & Mining,"$3,402",56.98
423,Unacemcorp SAA,PE,Construction Materials,$719,56.98
425,Grupo Aeroportuario del Sureste SAB de CV,MX,Transport Infrastructure,"$8,954",56.97
426,Murray & Roberts Holdings Ltd,ZA,Construction & Engineering,$28,56.94
427,Bangkok Dusit Medical Services PCL,TH,Healthcare Providers & Services,"$11,236",56.90
427,Qualitas Controladora SAB de CV,MX,Insurance,"$3,689",56.90
429,FGV Holdings Bhd,MY,Food & Tobacco,"$1,122",56.85
430,Companhia Siderurgica Nacional SA,BR,Metals & Mining,"$1,823",56.82
431,Jindal Steel Ltd,IN,Metals & Mining,"$11,575",56.81
432,Maruti Suzuki India Ltd,IN,Automobiles & Auto Parts,"$46,069",56.79
433,Regional SAB de CV,MX,Banking Services,"$2,558",56.73
434,Companhia de Saneamento Basico do Estado de Sao Paulo - SABESP,BR,Water & Related Utilities,"$15,168",56.68
435,Movida Participacoes SA,BR,Passenger Transportation Services,$477,56.54
436,Tongaat Hulett Ltd,ZA,Food & Tobacco,$31,56.53
437,Bharti Airtel Ltd,IN,Telecommunications Services,"$127,839",56.36
438,KCE Electronics PCL,TH,Semiconductors & Semiconductor Equipment,$940,56.35
439,Titan Company Ltd,IN,Textiles & Apparel,"$35,111",56.27
440,Rumo SA,BR,Freight & Logistics Services,"$5,470",56.19
441,Sociedad Minera Cerro Verde SAA,PE,Metals & Mining,"$14,282",56.17
442,Berli Jucker PCL,TH,Diversified Retail,"$2,314",56.08
443,Grupo Aeroportuario del Centro Norte SAB de CV,MX,Transport Infrastructure,"$4,510",56.03
444,Malaysia Marine and Heavy Engineering Holdings Bhd,MY,Oil & Gas Related Equipment and Services,$136,55.89
445,NK KazMunayGaz AO,KZ,Oil & Gas,"$22,785",55.86
446,Tata Communications Ltd,IN,Telecommunications Services,"$5,336",55.80
447,Grenevia SA,PL,Metals & Mining,$407,55.62
448,Sun Pharmaceutical Industries Ltd,IN,Pharmaceuticals,"$44,921",55.53
449,GMexico Transportes SAB de CV,MX,Freight & Logistics Services,"$7,492",55.47
450,Braskem SA,BR,Chemicals,"$1,249",55.34
451,Kuala Lumpur Kepong Bhd,MY,Chemicals,"$5,280",55.32
452,Iskenderun Demir ve Celik AS,TR,Metals & Mining,"$2,827",55.24
453,Semen Indonesia (Persero) Tbk PT,ID,Construction Materials,"$1,091",55.22
454,Namyong Terminal PCL,TH,Transport Infrastructure,$113,55.07
455,NAK Kazatomprom AO,KZ,Uranium,"$11,319",55.01
456,Mr Price Group Ltd,ZA,Specialty Retailers,"$3,133",54.96
457,Agesa Hayat ve Emeklilik AS,TR,Insurance,$751,54.95
458,AKR Corporindo Tbk PT,ID,Oil & Gas,"$1,578",54.91
459,Grupo Argos SA,CO,Electric Utilities & IPPs,"$3,326",54.90
460,Bahrain National Holding Company BSC,BH,Insurance,$175,54.77
461,Sime Darby Bhd,MY,Consumer Goods Conglomerates,"$2,692",54.75
462,Promigas SA ESP,CO,Natural Gas Utilities,"$1,919",54.70
463,Sri Trang Agro Industry PCL,TH,Automobiles & Auto Parts,$602,54.67
464,Oil and Natural Gas Corporation Ltd,IN,Oil & Gas,"$34,281",54.66
465,Nexa Resources Atacocha SAA,PE,Metals & Mining,$38,54.43
466,Mpact Ltd,ZA,Containers & Packaging,$230,54.41
467,Telkom SA SOC Ltd,ZA,Telecommunications Services,"$1,564",54.27
468,ENGIE Energia Peru SA,PE,Electric Utilities & IPPs,$634,54.13
469,Barito Pacific Tbk PT,ID,Chemicals,"$13,381",53.97
470,Bumitama Agri Ltd,ID,Food & Tobacco,"$1,253",53.96
471,Piramal Enterprises Ltd,IN,Banking Services,"$2,899",53.88
472,International Container Terminal Services Inc,PH,Transport Infrastructure,"$17,391",53.86
473,America Movil SAB de CV,MX,Telecommunications Services,"$57,345",53.84
474,Datatec Ltd,ZA,Software & IT Services,$749,53.77
475,Astro Malaysia Holdings Bhd,MY,Media & Publishing,$179,53.59
476,Thanachart Capital PCL,TH,Investment Holding Companies,"$1,619",53.58
477,Rimac Seguros y Reaseguros,PE,Insurance,$556,53.40
478,Petronas Gas Bhd,MY,Natural Gas Utilities,"$8,855",53.35
479,InRetail Peru Corp,PE,Food & Drug Retailing,"$2,935",53.31
480,Karsan Otomotiv Sanayii ve Ticaret AS,TR,Automobiles & Auto Parts,$227,53.08
481,TOA Paint Thailand PCL,TH,Chemicals,$940,53.00
482,Aegean Airlines SA,GR,Passenger Transportation Services,"$1,507",52.83
483,Adani Enterprises Ltd,IN,Diversified Industrial Goods Wholesale,"$30,046",52.82
484,GeoPark Ltd,CO,Oil & Gas,$345,52.80
485,Banco Bilbao Vizcaya Argentaria Colombia SA,CO,Banking Services,$776,52.79
486,SASA Polyester Sanayi AS,TR,Textiles & Apparel,"$3,768",52.75
487,Interglobe Aviation Ltd,IN,Passenger Transportation Services,"$26,345",52.66
488,Eurocash SA,PL,Food & Drug Retailing,$306,52.62
489,Hyprop Investments Ltd,ZA,Residential & Commercial REITs,"$1,040",52.56
490,Bangkok Commercial Asset Management PCL,TH,Investment Banking & Investment Services,$838,52.52
491,LTIMindtree Ltd,IN,Software & IT Services,"$17,308",52.49
492,Discovery Ltd,ZA,Insurance,"$8,252",52.48
493,SA Corporate Real Estate Ltd,ZA,Residential & Commercial REITs,$463,52.32
494,GCC SAB de CV,MX,Construction Materials,"$3,177",52.26
495,Vista Energy SAB de CV,MX,Oil & Gas,"$4,553",52.24
496,Cashbuild Ltd,ZA,Specialty Retailers,$203,52.18
497,Sok Marketler Ticaret AS,TR,Diversified Retail,$551,52.15
498,IOI Corporation Bhd,MY,Food & Tobacco,"$5,723",52.04
499,FirstRand Ltd,ZA,Banking Services,"$24,751",52.02
500,Eneva SA,BR,Electric Utilities & IPPs,"$4,965",51.86
501,Haad Thip PCL,TH,Beverages,$189,51.78
502,PLDT Inc,PH,Telecommunications Services,"$4,975",51.77
503,PTT Oil and Retail Business PCL,TH,Oil & Gas,"$4,816",51.76
504,Pinar Sut Mamulleri Sanayii AS,TR,Food & Tobacco,$95,51.70
505,Genting Plantations Bhd,MY,Food & Tobacco,"$1,057",51.69
506,Carlsberg Brewery Malaysia Bhd,MY,Beverages,"$1,252",51.58
507,Crompton Greaves Consumer Electricals Ltd,IN,Household Goods,"$2,341",51.53
508,Neuca SA,PL,Pharmaceuticals,$818,51.48
509,Kap Ltd,ZA,Consumer Goods Conglomerates,$242,51.36
510,Ambev SA,BR,Beverages,"$35,385",51.30
511,Minsur SA,PE,Metals & Mining,"$1,083",51.20
512,Hana Microelectronics PCL,TH,Semiconductors & Semiconductor Equipment,$634,51.18
513,Top Glove Corporation Bhd,MY,Healthcare Equipment & Supplies,"$1,205",51.02
514,Gentera SAB de CV,MX,Banking Services,"$3,680",51.00
515,Coforge Ltd,IN,Software & IT Services,"$6,194",50.95
516,TMBThanachart Bank PCL,TH,Banking Services,"$5,844",50.87
517,Surya Citra Media Tbk PT,ID,Media & Publishing,"$1,090",50.84
517,Manappuram Finance Ltd,IN,Banking Services,"$2,473",50.84
519,Apollo Tyres Ltd,IN,Automobiles & Auto Parts,"$3,217",50.79
520,Plan B Media PCL,TH,Media & Publishing,$696,50.78
521,Asian Paints Ltd,IN,Chemicals,"$27,363",50.72
521,Bangkok Life Assurance PCL,TH,Insurance,$944,50.72
523,Trent Ltd,IN,Diversified Retail,"$21,911",50.71
524,Adani Green Energy Ltd,IN,Electric Utilities & IPPs,"$17,380",50.66
525,Colgate-Palmolive (India) Ltd,IN,Personal & Household Products & Services,"$6,744",50.65
525,Genting Bhd,MY,Hotels & Entertainment Services,"$2,815",50.65
525,Cummins India Ltd,IN,Automobiles & Auto Parts,"$12,002",50.65
528,Asseco Poland SA,PL,Software & IT Services,"$4,280",50.60
529,Bangkok Aviation Fuel Services PCL,TH,Transport Infrastructure,$186,50.57
530,Odontoprev SA,BR,Healthcare Providers & Services,"$1,245",50.56
530,BEC World PCL,TH,Media & Publishing,$148,50.56
532,Apollo Hospitals Enterprise Ltd,IN,Healthcare Providers & Services,"$12,819",50.54
533,Megaworld Corp,PH,Real Estate Operations,"$1,213",50.52
534,AIA Engineering Ltd,IN,"Machinery, Tools, Heavy Vehicles, Trains & Ships","$3,338",50.43
535,Fabrinet,TH,Electronic Equipment & Parts,"$12,086",50.41
536,Organizacion Terpel SA,CO,Oil & Gas,$633,50.14
537,Hartalega Holdings Bhd,MY,Healthcare Equipment & Supplies,"$1,013",50.05
538,Gunkul Engineering PCL,TH,Electric Utilities & IPPs,$496,50.02
539,Bolsa Mexicana de Valores SAB de CV,MX,Investment Banking & Investment Services,"$1,184",49.95
540,REC Limited,IN,Banking Services,"$11,639",49.89
541,Sao Martinho SA,BR,Food & Tobacco,"$1,027",49.84
542,Bank Millennium SA,PL,Banking Services,"$5,279",49.82
543,Gol Linhas Aereas Inteligentes SA,BR,Passenger Transportation Services,$60,49.74
544,PETRONAS Chemicals Group Bhd,MY,Chemicals,"$6,812",49.72
545,GEK Terna SA,GR,Electric Utilities & IPPs,"$2,769",49.71
546,Aurobindo Pharma Ltd,IN,Pharmaceuticals,"$7,150",49.61
547,Bank Muscat SAOG,OM,Banking Services,"$6,026",49.41
548,Gerdau SA,BR,Metals & Mining,"$5,916",49.35
549,Pidilite Industries Ltd,IN,Chemicals,"$17,782",49.33
550,Indosat Tbk PT,ID,Telecommunications Services,"$4,477",49.29
551,Bharat Heavy Electricals Ltd,IN,"Machinery, Tools, Heavy Vehicles, Trains & Ships","$8,905",49.28
552,Mega Lifesciences PCL,TH,Pharmaceuticals,$834,49.23
553,Grasim Industries Ltd,IN,Construction Materials,"$21,272",49.18
554,NTPC Ltd,IN,Electric Utilities & IPPs,"$37,636",49.12
555,Waskita Karya (Persero) Tbk PT,ID,Construction & Engineering,$378,49.11
556,Grindrod Ltd,ZA,Transport Infrastructure,$526,49.09
557,Bermaz Auto Bhd,MY,Specialty Retailers,$187,49.08
558,Minerva SA,BR,Food & Tobacco,$895,49.06
559,Bizim Toptan Satis Magazalari AS,TR,Food & Drug Retailing,$55,49.01
560,Nemak SAB de CV,MX,Automobiles & Auto Parts,$589,48.97
560,Sekerbank TAS,TR,Banking Services,$362,48.97
562,Is Yatirim Menkul Degerler AS,TR,Investment Banking & Investment Services,"$1,527",48.94
563,ICICI Prudential Life Insurance Company Ltd,IN,Insurance,"$10,261",48.93
564,IRB-Brasil Resseguros SA,BR,Insurance,$709,48.79
565,Simpar SA,BR,Freight & Logistics Services,$742,48.46
566,HDFC Asset Management Company Ltd,IN,Investment Banking & Investment Services,"$13,389",48.34
567,Lewis Group Ltd,ZA,Specialty Retailers,$226,48.31
568,Zetrix AI Bhd,MY,Software & IT Services,"$1,628",48.21
569,Oil India Ltd,IN,Oil & Gas,"$7,559",48.16
570,Bumrungrad Hospital PCL,TH,Healthcare Providers & Services,"$4,615",47.95
571,Berger Paints India Ltd,IN,Chemicals,"$7,154",47.86
572,Blue Star Ltd,IN,"Machinery, Tools, Heavy Vehicles, Trains & Ships","$4,121",47.68
573,State Bank of India,IN,Banking Services,"$86,614",47.67
574,Telkom Indonesia (Persero) Tbk PT,ID,Telecommunications Services,"$20,445",47.58
575,Bank of Africa SA,MA,Banking Services,"$6,296",47.40
575,Osotspa PCL,TH,Beverages,"$1,706",47.40
577,Prestige Estates Projects Ltd,IN,Real Estate Operations,"$8,011",47.36
578,Taokaenoi Food & Marketing PCL,TH,Food & Tobacco,$256,47.35
579,KEX Express (Thailand) PCL,TH,Freight & Logistics Services,$160,47.32
580,Volcan Compania Minera SAA,PE,Metals & Mining,$373,47.27
581,Stefanutti Stocks Holdings Ltd,ZA,Construction & Engineering,$43,47.26
582,Bharat Electronics Ltd,IN,Aerospace & Defense,"$32,453",47.25
583,Grupo Casas Bahia SA,BR,Diversified Retail,$360,47.18
583,Ratchthani Leasing PCL,TH,Banking Services,$321,47.18
585,Energa SA,PL,Electric Utilities & IPPs,"$1,553",47.13
586,J K Cement Ltd,IN,Construction Materials,"$6,122",47.11
587,Piraeus Port Authority SA,GR,Transport Infrastructure,"$1,344",47.07
588,Jollibee Foods Corp,PH,Hotels & Entertainment Services,"$4,235",47.01
588,Dohome PCL,TH,Specialty Retailers,$403,47.01
590,Tenaga Nasional Bhd,MY,Electric Utilities & IPPs,"$19,026",46.99
591,Public Power Corporation SA,GR,Electric Utilities & IPPs,"$6,293",46.97
592,Tsogo Sun Ltd,ZA,Hotels & Entertainment Services,$395,46.84
593,Steel Authority of India Ltd,IN,Metals & Mining,"$5,850",46.76
594,MultiChoice Group Ltd,ZA,Media & Publishing,"$3,058",46.68
594,Ratch Group PCL,TH,Electric Utilities & IPPs,"$1,779",46.68
596,Torrent Pharmaceuticals Ltd,IN,Pharmaceuticals,"$13,980",46.59
597,Fortress Real Estate Investments Ltd,ZA,Real Estate Operations,"$1,494",46.51
598,Itissalat Al Maghrib Ste SA,MA,Telecommunications Services,"$11,681",46.50
599,Pinar Entegre Et ve Un Sanayii AS,TR,Food & Tobacco,$88,46.47
600,Eastern Water Resources Development and Management PCL,TH,Water & Related Utilities,$109,46.43
601,Burstone Group Ltd,ZA,Residential & Commercial REITs,$366,46.32
602,Arcelormittal South Africa Ltd,ZA,Metals & Mining,$60,46.30
603,Alior Bank SA,PL,Banking Services,"$4,235",46.26
604,Krungthai Card PCL,TH,Banking Services,"$2,368",46.24
605,Austral Group SAA,PE,Food & Tobacco,$121,46.22
606,Power Grid Corporation of India Ltd,IN,Electric Utilities & IPPs,"$30,603",46.12
607,Adcorp Holdings,ZA,Professional & Commercial Services,$40,46.04
607,Jastrzebska Spolka Weglowa SA,PL,Coal,$776,46.04
609,Astra International Tbk PT,ID,Consumer Goods Conglomerates,"$12,869",46.03
610,Thai Airways International PCL,TH,Passenger Transportation Services,"$14,069",46.00
611,Grupo Gigante SAB de CV,MX,Specialty Retailers,"$1,516",45.90
612,Wilson Bayly Holmes - Ovcon Ltd,ZA,Construction & Engineering,$705,45.87
613,BB Seguridade Participacoes SA,BR,Insurance,"$12,963",45.86
614,Wilcon Depot Inc,PH,Specialty Retailers,$725,45.81
615,Maxis Bhd,MY,Telecommunications Services,"$6,523",45.66
616,Companhia de Saneamento do Parana Sanepar,BR,Water & Related Utilities,"$1,938",45.60
617,Gafisa SA,BR,Real Estate Operations,$30,45.49
618,Equatorial SA,BR,Electric Utilities & IPPs,"$8,291",45.47
619,Macquarie Mexico Real Estate Management SA de CV,MX,Residential & Commercial REITs,"$1,349",45.40
620,Nampak Ltd,ZA,Containers & Packaging,$236,45.23
621,Indus Towers Ltd,IN,Telecommunications Services,"$10,156",45.11
621,Equites Property Fund Ltd,ZA,Residential & Commercial REITs,$768,45.11
623,Corporacion Financiera Colombiana SA,CO,Investment Banking & Investment Services,"$1,571",45.06
623,Balkrishna Industries Ltd,IN,Automobiles & Auto Parts,"$5,324",45.06
625,Alliance Bank Malaysia Bhd,MY,Banking Services,"$1,899",45.00
626,Lupin Ltd,IN,Pharmaceuticals,"$10,376",44.78
627,Exide Industries Ltd,IN,Automobiles & Auto Parts,"$3,646",44.77
628,Gielda Papierow Wartosciowych w Warszawie SA,PL,Investment Banking & Investment Services,$654,44.74
629,Banco de Bogota SA,CO,Banking Services,"$2,982",44.71
630,Hong Leong Financial Group Bhd,MY,Banking Services,"$4,495",44.63
631,Thoresen Thai Agencies PCL,TH,Investment Holding Companies,$376,44.61
632,Colombia Telecomunicaciones SA ESP BIC,CO,Telecommunications Services,"$1,763",44.56
633,Universal Robina Corp,PH,Food & Tobacco,"$3,028",44.54
634,Kardemir Karabuk Demir Celik Sanayi ve Ticaret AS,TR,Metals & Mining,$852,44.53
635,Remgro Ltd,ZA,Investment Holding Companies,"$5,072",44.36
636,Sendas Distribuidora SA,BR,Food & Drug Retailing,"$2,489",44.34
637,Dialog Group Bhd,MY,Oil & Gas Related Equipment and Services,"$2,350",44.13
638,Gr Sarantis SA,GR,Personal & Household Products & Services,"$1,031",44.08
639,Merafe Resources Ltd,ZA,Metals & Mining,$159,44.03
640,Alfa SAB de CV,MX,Consumer Goods Conglomerates,"$4,271",43.92
641,Bata India Ltd,IN,Textiles & Apparel,"$1,610",43.76
642,PGE Polska Grupa Energetyczna SA,PL,Electric Utilities & IPPs,"$7,155",43.73
643,Compania de Minas Buenaventura SAA,PE,Metals & Mining,"$4,302",43.67
644,Dyo Boya Fabrikalari Sanayi Ve Ticaret AS,TR,Chemicals,$115,43.66
645,Vietnam Enterprise Investments Ltd,VN,Collective Investments,"$1,648",43.57
646,PKP Cargo SA w restrukturyzacji,PL,Freight & Logistics Services,$195,43.56
647,Jumbo SA,GR,Specialty Retailers,"$5,057",43.38
648,Bank of Bahrain and Kuwait BSC,BH,Banking Services,"$2,473",43.37
649,Britannia Industries Ltd,IN,Food & Tobacco,"$14,783",43.36
650,Shoprite Holdings Ltd,ZA,Food & Drug Retailing,"$9,123",43.35
651,Azul SA,BR,Passenger Transportation Services,$98,43.34
652,Empresa de Telecomunicaciones de Bogota SA Esp,CO,Telecommunications Services,$44,43.33
653,Dalmia Bharat Ltd,IN,Construction Materials,"$4,863",43.22
654,Security Bank Corp,PH,Banking Services,$947,43.15
655,CH Karnchang PCL,TH,Construction & Engineering,$727,43.06
656,Aveng Ltd,ZA,Construction & Engineering,$41,43.03
657,Afya Ltd,BR,"Schools, Colleges & Universities","$1,398",43.02
658,Altron Ltd,ZA,Software & IT Services,$483,42.97
658,IPCA Laboratories Ltd,IN,Pharmaceuticals,"$3,953",42.97
660,Rede D'Or Sao Luiz SA,BR,Healthcare Providers & Services,"$15,618",42.96
661,Vingroup JSC,VN,Real Estate Operations,"$16,900",42.88
662,Sports Toto Bhd,MY,Hotels & Entertainment Services,$435,42.72
663,Matahari Department Store Tbk PT,ID,Diversified Retail,$218,42.69
664,Thaifoods Group PCL,TH,Food & Tobacco,"$1,025",42.59
665,Aboitiz Power Corp,PH,Electric Utilities & IPPs,"$5,320",42.57
666,Energisa SA,BR,Electric Utilities & IPPs,"$4,191",42.56
666,AK Sigorta AS,TR,Insurance,$271,42.56
668,PVR INOX Ltd,IN,Hotels & Entertainment Services,"$1,209",42.54
669,Land and Houses PCL,TH,Real Estate Operations,"$1,468",42.49
670,Bumi Serpong Damai Tbk PT,ID,Real Estate Operations,"$1,164",42.40
671,Coal India Ltd,IN,Coal,"$27,167",42.38
672,Grupo Aeroportuario del Pacifico SAB de CV,MX,Transport Infrastructure,"$10,532",42.34
673,DMCI Holdings Inc,PH,Consumer Goods Conglomerates,"$2,404",42.14
674,Beyon BSC,BH,Telecommunications Services,"$2,158",42.12
674,Indofood Sukses Makmur Tbk PT,ID,Food & Tobacco,"$4,328",42.12
676,RCL Foods Ltd,ZA,Food & Tobacco,$490,42.11
677,Energy Absolute PCL,TH,Electric Utilities & IPPs,$642,42.08
678,LIC Housing Finance Ltd,IN,Banking Services,"$3,607",41.97
679,Kruk SA,PL,Banking Services,"$2,268",41.94
680,Reliance Power Ltd,IN,Electric Utilities & IPPs,"$1,997",41.86
680,Bharat Forge Ltd,IN,Metals & Mining,"$6,449",41.86
682,ISA Energia Brasil SA,BR,Electric Utilities & IPPs,"$3,052",41.85
683,Lamda Development SA,GR,Real Estate Operations,"$1,393",41.71
684,JG Summit Holdings Inc,PH,Consumer Goods Conglomerates,"$3,299",41.70
684,Sanlam Ltd,ZA,Insurance,"$11,026",41.70
686,Zydus Lifesciences Ltd,IN,Pharmaceuticals,"$11,358",41.69
687,Lesaka Technologies Inc,ZA,Financial Technology (Fintech) & Infrastructure,$386,41.47
688,Aksa Enerji Uretim AS,TR,Electric Utilities & IPPs,"$1,262",41.39
689,Union de Cervecerias Peruanas Backus y Johnston SAA,PE,Beverages,"$7,033",41.33
690,Phoenix Mills Ltd,IN,Real Estate Operations,"$5,866",41.20
691,Shriram Finance Ltd,IN,Banking Services,"$13,298",41.18
692,Pakuwon Jati Tbk PT,ID,Real Estate Operations,"$1,154",41.16
693,United Spirits Ltd,IN,Beverages,"$10,847",41.15
693,Transmissora Alianca de Energia Eletrica S/A,BR,Electric Utilities & IPPs,"$2,117",41.15
695,Cahya Mata Sarawak Bhd,MY,Construction Materials,$310,41.12
696,GFH Financial Group BSC,BH,Investment Banking & Investment Services,"$1,437",41.06
697,Omnia Holdings Ltd,ZA,Chemicals,$714,41.05
697,Diagnosticos da America SA,BR,Healthcare Providers & Services,$325,41.05
699,MIG Holdings SA,GR,Real Estate Operations,$123,41.03
700,Globe Trade Centre SA,PL,Real Estate Operations,$694,41.02
701,D.M. Wenceslao & Associates Inc,PH,Real Estate Operations,$313,40.86
702,Erawan Group PCL,TH,Hotels & Entertainment Services,$380,40.60
703,Supalai PCL,TH,Real Estate Operations,$953,40.50
704,City Lodge Hotels Ltd,ZA,Hotels & Entertainment Services,$134,40.45
705,Jordan Islamic Bank Co PLC,JO,Banking Services,"$1,201",40.39
706,Bidvest Group Ltd,ZA,Consumer Goods Conglomerates,"$4,650",40.38
707,Emira Property Fund Ltd,ZA,Residential & Commercial REITs,$342,40.24
708,Gruma SAB de CV,MX,Food & Tobacco,"$6,177",40.23
709,Malayan Cement Bhd,MY,Construction Materials,"$1,714",40.12
710,Bajaj Finserv Ltd,IN,Banking Services,"$34,890",40.02
711,Iochpe Maxion SA,BR,Automobiles & Auto Parts,$401,39.90
712,Hudaco Industries Ltd,ZA,"Machinery, Tools, Heavy Vehicles, Trains & Ships",$313,39.77
713,YTL Power International Bhd,MY,Multiline Utilities,"$8,738",39.62
714,HDFC Life Insurance Company Ltd,IN,Insurance,"$19,107",39.58
714,Azzas 2154 SA,BR,Specialty Retailers,"$1,263",39.58
716,YDUQS Participacoes SA,BR,"Schools, Colleges & Universities",$660,39.53
717,Getin Holding SA,PL,Banking Services,$27,39.50
718,Stalprodukt SA,PL,Metals & Mining,$378,39.36
719,Construcciones el Condor SA,CO,Construction & Engineering,$67,39.27
720,Container Corporation of India Ltd,IN,Freight & Logistics Services,"$4,709",39.13
721,Saksiam Leasing PCL,TH,Banking Services,$239,38.87
722,Gujarat State Petronet Ltd,IN,Natural Gas Utilities,"$1,951",38.83
723,Cydsa SAB de CV,MX,Chemicals,$570,38.73
724,Qnb Bank AS,TR,Banking Services,"$65,308",38.72
725,Wizz Air Holdings PLC,HU,Passenger Transportation Services,"$1,845",38.48
726,Eicher Motors Ltd,IN,Automobiles & Auto Parts,"$17,895",38.35
727,Dino Polska SA,PL,Food & Drug Retailing,"$12,786",38.28
728,Grupo Comercial Chedraui SAB de CV,MX,Food & Drug Retailing,"$8,067",38.27
729,PPB Group Bhd,MY,Food & Tobacco,"$3,062",38.25
730,Astral Foods Ltd,ZA,Food & Tobacco,$449,38.06
730,Vardhman Textiles Ltd,IN,Textiles & Apparel,"$1,321",38.06
732,Syntec Construction PCL,TH,Construction & Engineering,$93,38.03
733,TQM Alpha PCL,TH,Insurance,$272,37.98
734,AAPICO Hitech PCL,TH,Automobiles & Auto Parts,$171,37.90
735,Nutun Ltd,ZA,Professional & Commercial Services,$62,37.86
736,Hap Seng Consolidated Bhd,MY,Consumer Goods Conglomerates,"$1,507",37.82
737,Southern Sun Ltd,ZA,Hotels & Entertainment Services,$664,37.80
738,Grupa Azoty SA,PL,Chemicals,$515,37.71
739,Quality Houses PCL,TH,Real Estate Operations,$463,37.58
740,Naspers Ltd,ZA,Software & IT Services,"$54,747",37.52
741,Azure Power Global Ltd,IN,Electric Utilities & IPPs,$10,37.47
742,Global Mediacom Tbk PT,ID,Media & Publishing,$150,37.37
743,Hapvida Participacoes e Investimentos SA,BR,Healthcare Providers & Services,"$3,247",37.36
744,Randoncorp SA,BR,Automobiles & Auto Parts,$414,37.23
745,Pepkor Holdings Ltd,ZA,Diversified Retail,"$5,497",37.18
746,CK Power PCL,TH,Electric Utilities & IPPs,$728,36.99
747,National Aluminium Co Ltd,IN,Metals & Mining,"$3,983",36.91
748,Lippo Karawaci Tbk PT,ID,Real Estate Operations,$396,36.87
749,Canara Bank Ltd,IN,Banking Services,"$11,287",36.80
750,Embassy Developments Ltd,IN,Real Estate Operations,"$1,461",36.78
751,Porto Seguro SA,BR,Insurance,"$6,589",36.77
751,Astra Agro Lestari Tbk PT,ID,Food & Tobacco,$845,36.77
751,Robinsons Land Corp,PH,Real Estate Operations,"$1,264",36.77
754,City Union Bank Ltd,IN,Banking Services,"$1,783",36.63
755,Aboitiz Equity Ventures Inc,PH,Electric Utilities & IPPs,"$3,026",36.52
756,Adi Sarana Armada Tbk PT,ID,Passenger Transportation Services,$205,36.41
757,Puregold Price Club Inc,PH,Food & Drug Retailing,"$2,126",36.23
758,Enea SA,PL,Electric Utilities & IPPs,"$2,753",36.21
759,Housing Bank for Trade and Finance PSC,JO,Banking Services,"$1,740",36.16
760,Oberoi Realty Ltd,IN,Real Estate Operations,"$6,753",36.00
761,Netas Telekomunikasyon AS,TR,Software & IT Services,$86,35.98
762,Wockhardt Ltd,IN,Pharmaceuticals,"$2,786",35.95
763,Interlink Telecom PCL,TH,Telecommunications Services,$61,35.78
764,Parkson Holdings Bhd,MY,Diversified Retail,$58,35.76
765,Jaiprakash Associates Ltd,IN,Consumer Goods Conglomerates,$119,35.66
766,Sarana Menara Nusantara Tbk PT,ID,Telecommunications Services,"$2,341",35.54
767,G Capital PCL,TH,Banking Services,$5,35.53
768,Super Group Ltd,ZA,Specialty Retailers,$278,35.50
769,Famous Brands Ltd,ZA,Hotels & Entertainment Services,$336,35.46
770,Bank of Baroda Ltd,IN,Banking Services,"$14,277",35.43
771,Alliance Global Group Inc,PH,Consumer Goods Conglomerates,"$1,162",35.41
772,Bangchak Sriracha PCL,TH,Oil & Gas,$517,35.29
773,Grupo Aval Acciones y Valores SA,CO,Banking Services,"$3,664",35.23
774,Resilient Reit Ltd,ZA,Residential & Commercial REITs,"$1,350",35.20
775,Bamboo Capital Group JSC,VN,Construction & Engineering,$127,35.16
776,Summarecon Agung Tbk PT,ID,Real Estate Operations,$464,35.04
777,Jordan Ahli Bank PSC,JO,Banking Services,$303,34.94
778,SLC Agricola SA,BR,Food & Tobacco,"$1,422",34.90
779,BCPG PCL,TH,Electric Utilities & IPPs,$768,34.73
780,Tupy SA,BR,Automobiles & Auto Parts,$437,34.63
781,Project Planning Service PCL,TH,Construction & Engineering,$6,34.53
782,Wesizwe Platinum Ltd,ZA,Metals & Mining,$42,34.51
783,Inversiones Centenario SAA,PE,Homebuilding & Construction Supplies,$155,34.43
784,Log Commercial Properties e Participacoes SA,BR,Real Estate Operations,$337,34.32
785,Jaymart Group Holdings PCL,TH,Specialty Retailers,$407,34.27
786,Acen Corp,PH,Electric Utilities & IPPs,"$1,639",34.24
787,QL Resources Bhd,MY,Food & Tobacco,"$3,635",34.03
788,Danaos Corp,GR,Freight & Logistics Services,"$1,721",33.90
789,Crown Seal PCL,TH,Containers & Packaging,$72,33.70
790,Absolute Clean Energy PCL,TH,Electric Utilities & IPPs,$412,33.67
791,Tauron Polska Energia SA,PL,Multiline Utilities,"$4,001",33.57
792,Muthoot Finance Ltd,IN,Banking Services,"$11,505",33.54
793,Qualicorp Consultoria e Corretora de Seguros SA,BR,Insurance,$91,33.49
793,Polimex Mostostal SA,PL,Construction & Engineering,$311,33.49
795,PI Industries Ltd,IN,Chemicals,"$6,535",33.25
796,Bandhan Bank Ltd,IN,Banking Services,"$3,048",33.03
797,Banco do Estado do Rio Grande do Sul SA,BR,Banking Services,$873,33.01
798,Supermax Corporation Bhd,MY,Healthcare Equipment & Supplies,$402,32.98
799,El Puerto de Liverpool SAB de CV,MX,Diversified Retail,"$7,222",32.93
800,Desarrolladora Homex SAB de CV,MX,Real Estate Operations,$0,32.88
801,PPC Ltd,ZA,Construction Materials,$450,32.84
802,Sociedad Minera el Brocal SAA,PE,Metals & Mining,$493,32.76
803,Bank Dhofar SAOG,OM,Banking Services,"$1,027",32.61
804,Power Finance Corporation Ltd,IN,Banking Services,"$15,740",32.60
805,Federal Bank Ltd,IN,Banking Services,"$5,506",32.59
806,Brait plc,MU,Investment Holding Companies,$468,32.56
807,TTW PCL,TH,Water & Related Utilities,"$1,115",32.55
808,Impulsora del Desarrollo y el Empleo en America Latina SAB de CV,MX,Transport Infrastructure,"$5,646",32.51
809,Samvardhana Motherson International Ltd,IN,Automobiles & Auto Parts,"$11,254",32.46
810,Sammaan Capital Ltd,IN,Banking Services,"$1,124",32.23
811,Robinsons Retail Holdings Inc,PH,Food & Drug Retailing,$744,32.14
811,Magazine Luiza SA,BR,Diversified Retail,$921,32.14
813,Valid Solucoes SA,BR,Professional & Commercial Services,$315,32.09
814,Reliance Infrastructure Ltd,IN,Electric Utilities & IPPs,"$1,200",32.01
815,Zee Entertainment Enterprises Ltd,IN,Media & Publishing,"$1,282",31.91
815,Cosan SA,BR,Consumer Goods Conglomerates,"$1,998",31.91
817,Minera Frisco SAB de CV,MX,Metals & Mining,"$1,182",31.90
818,Aeon Thana Sinsap Thailand PCL,TH,Banking Services,$830,31.88
819,Reliance Communications Ltd,IN,Telecommunications Services,$58,31.84
820,Unifin Financiera SAB de CV,MX,Banking Services,$36,31.59
821,Cholamandalam Investment and Finance Company Ltd,IN,Banking Services,"$14,027",31.58
822,Cyrela Brazil Realty SA Empreendimentos e Participacoes,BR,Real Estate Operations,"$1,758",31.51
823,Petkim Petrokimya Holding AS,TR,Chemicals,"$1,115",31.12
824,Boryszew SA,PL,Metals & Mining,$394,31.08
825,Constructora Conconcreto SA,CO,Construction & Engineering,$130,31.05
826,Avenue Supermarts Ltd,IN,Food & Drug Retailing,"$32,205",31.04
827,National Bank of Oman SAOG,OM,Banking Services,"$1,310",30.95
828,Bell Equipment Ltd,ZA,"Machinery, Tools, Heavy Vehicles, Trains & Ships",$219,30.67
828,SICO BSC C,BH,Investment Banking & Investment Services,$184,30.67
830,Com7 PCL,TH,Specialty Retailers,"$1,852",30.30
831,Raubex Group Ltd,ZA,Construction & Engineering,$465,30.18
832,GT Capital Holdings Inc,PH,Automobiles & Auto Parts,"$2,626",30.15
833,Fossal SAA,PE,Banking Services,$4,30.03
834,Aspirasi Hidup Indonesia Tbk PT,ID,Specialty Retailers,$505,29.98
835,Petronet LNG Ltd,IN,Oil & Gas Related Equipment and Services,"$4,709",29.91
836,United Breweries Ltd,IN,Beverages,"$5,796",29.78
837,Inoue Rubber Thailand PCL,TH,Automobiles & Auto Parts,$68,29.73
838,JHSF Participacoes SA,BR,Real Estate Operations,$679,29.43
839,Indofood CBP Sukses Makmur Tbk PT,ID,Food & Tobacco,"$6,787",29.30
840,MRF Ltd,IN,Automobiles & Auto Parts,"$6,723",29.27
841,Gulf Hotel Group BSC,BH,Hotels & Entertainment Services,$252,28.96
842,Vietnam Joint Stock Commercial Bank for Industry and Trade,VN,Banking Services,"$10,149",28.92
843,Merdeka Copper Gold Tbk PT,ID,Metals & Mining,"$3,427",28.67
844,Intercorp Financial Services Inc,PE,Banking Services,"$4,337",28.61
844,Capitec Bank Holdings Ltd,ZA,Banking Services,"$24,386",28.61
846,Cairo Amman Bank PSC,JO,Banking Services,$347,28.56
847,Berjaya Corporation Bhd,MY,Consumer Goods Conglomerates,$395,28.31
848,Bank of India Ltd,IN,Banking Services,"$5,903",28.29
849,Pabrik Kertas Tjiwi Kimia Tbk PT,ID,Paper & Forest Products,"$1,367",28.28
850,Kossan Rubber Industries Bhd,MY,Healthcare Equipment & Supplies,$744,28.25
851,Tower Bersama Infrastructure Tbk PT,ID,Telecommunications Services,"$2,665",28.02
852,Ser Educacional SA,BR,"Schools, Colleges & Universities",$211,27.83
853,Vantris Energy Bhd,MY,Oil & Gas Related Equipment and Services,$152,27.63
854,Eastern Polymer Group PCL,TH,Chemicals,$261,27.60
854,SBI Life Insurance Company Ltd,IN,Insurance,"$21,057",27.60
856,Lubelski Wegiel Bogdanka SA,PL,Coal,$221,27.50
857,Andino Investment Holding SAA,PE,Freight & Logistics Services,$114,27.40
858,Bangkok Expressway and Metro PCL,TH,Transport Infrastructure,"$2,572",27.28
859,Siam Global House PCL,TH,Specialty Retailers,"$1,051",27.25
860,Ramco Cements Limited,IN,Construction Materials,"$2,876",27.09
861,Indah Kiat Pulp & Paper Tbk PT,ID,Paper & Forest Products,"$2,688",26.89
862,Sify Technologies Ltd,IN,Telecommunications Services,$615,26.78
863,Vukile Property Fund Ltd,ZA,Residential & Commercial REITs,"$1,465",26.75
864,Synnex (Thailand) PCL,TH,"Computers, Phones & Household Electronics",$327,26.73
865,Yatra Online Inc,IN,Hotels & Entertainment Services,$77,26.72
866,Bajaj Auto Ltd,IN,Automobiles & Auto Parts,"$26,293",26.60
867,Neurosoft Software Production SA,GR,Software & IT Services,$18,26.23
868,MBM Resources Bhd,MY,Automobiles & Auto Parts,$440,26.20
869,Rossi Residencial SA - em Recuperacao Judicial,BR,Real Estate Operations,$7,26.13
870,Singer Thailand PCL,TH,Household Goods,$145,26.02
871,MAHLE Metal Leve SA,BR,Automobiles & Auto Parts,$686,26.00
872,CD Projekt SA,PL,Software & IT Services,"$6,995",25.97
873,Anel Elektrik Proje Taahhut ve Ticaret AS,TR,Construction & Engineering,$136,25.92
874,Eczacibasi Yatirim Holding Ortakligi AS,TR,Investment Holding Companies,$595,25.77
874,Mutandis SCA,MA,Personal & Household Products & Services,$294,25.77
876,Blue Label Telecoms Ltd,ZA,Telecommunications Services,$843,25.58
877,Becle SAB de CV,MX,Beverages,"$4,526",25.47
878,Halk Gayrimenkul Yatirim Ortakligi AS,TR,Real Estate Operations,$371,25.44
879,Iguatemi Empresa de Shopping Centers SA,BR,Real Estate Operations,"$1,042",25.40
880,Gudang Garam Tbk PT,ID,Food & Tobacco,"$1,025",25.39
881,YSP Southeast Asia Holding Bhd,MY,Pharmaceuticals,$72,25.33
882,Asia Aviation PCL,TH,Passenger Transportation Services,$508,25.23
883,Jasmine International PCL,TH,Telecommunications Services,$402,25.03
884,Magnum Bhd,MY,Hotels & Entertainment Services,$452,25.01
885,Arab Potash Company PLC,JO,Chemicals,"$3,789",24.91
886,Marcopolo SA,BR,Automobiles & Auto Parts,"$1,739",24.87
887,TPI Polene Power PCL,TH,Electric Utilities & IPPs,$607,24.76
888,EZ TEC Empreendimentos e Participacoes SA,BR,Real Estate Operations,$593,24.61
889,Nirvana Development PCL,TH,Real Estate Operations,$53,24.56
890,StealthGas Inc,GR,Oil & Gas Related Equipment and Services,$250,24.54
891,Grupo Carso SAB de CV,MX,Consumer Goods Conglomerates,"$15,575",24.53
892,Banco ABC Brasil SA,BR,Banking Services,$490,24.52
893,Alpargatas SA,BR,Textiles & Apparel,"$1,171",24.29
894,Bajaj Finance Ltd,IN,Banking Services,"$60,999",24.18
895,WNS (Holdings) Ltd,IN,Professional & Commercial Services,"$3,225",24.06
896,FPT Digital Retail JSC,VN,Specialty Retailers,$962,23.47
897,Masan Group Corp,VN,Food & Tobacco,"$4,977",23.20
898,PCS Machine Group Holding PCL,TH,Automobiles & Auto Parts,$154,23.08
899,Development Investment Construction JSC,VN,Real Estate Operations,$596,23.07
900,Galata Wind Enerji Anonim Sirket,TR,Electric Utilities & IPPs,$352,22.99
901,San Miguel Corp,PH,Consumer Goods Conglomerates,"$3,183",22.81
902,Major Cineplex Group PCL,TH,Hotels & Entertainment Services,$206,22.74
903,Koza Altin Isletmeleri AS,TR,Metals & Mining,"$1,844",22.71
904,Adani Energy Solutions Ltd,IN,Electric Utilities & IPPs,"$10,784",22.61
905,KNM Group Bhd,MY,Oil & Gas Related Equipment and Services,$24,22.31
905,MakeMyTrip Ltd,IN,Hotels & Entertainment Services,"$9,096",22.31
907,Hoang Anh Gia Lai JSC,VN,Food & Tobacco,$653,22.20
908,CVC Brasil Operadora e Agencia de Viagens SA,BR,Hotels & Entertainment Services,$202,22.19
909,OUTsurance Group Ltd,ZA,Insurance,"$6,598",22.07
910,Emlak Konut Gayrimenkul Yatirim Ortakligi AS,TR,Real Estate Operations,"$1,847",22.05
911,Grendene SA,BR,Textiles & Apparel,$867,22.03
912,Kinhbac City Development Holding Corp,VN,Real Estate Operations,"$1,213",22.01
913,Carabao Group PCL,TH,Beverages,"$1,729",21.91
914,Khaleeji Bank BSC,BH,Banking Services,$255,21.83
915,Asian Sea Corporation PCL,TH,Food & Tobacco,$186,21.69
916,Regional Container Lines PCL,TH,Freight & Logistics Services,$774,21.61
917,CSC Steel Holdings Bhd,MY,Metals & Mining,$95,21.48
918,Octodec Investments Ltd,ZA,Residential & Commercial REITs,$164,21.40
919,Khang Dien House Trading and Investment JSC,VN,Real Estate Operations,"$1,548",21.33
919,Premier Marketing PCL,TH,Food & Drug Retailing,$207,21.33
921,Charoen Pokphand Indonesia Tbk PT,ID,Food & Tobacco,"$4,512",20.98
922,R&B Food Supply PCL,TH,Food & Tobacco,$235,20.95
922,Oman Telecommunications Company SAOG,OM,Telecommunications Services,"$1,791",20.95
924,Opus Global Nyrt,HU,Consumer Goods Conglomerates,"$1,209",20.91
925,Notion VTec Bhd,MY,"Computers, Phones & Household Electronics",$70,20.80
926,Sembcorp Salalah Power and Water Company SAOG,OM,Electric Utilities & IPPs,$437,20.59
927,NCC Ltd,IN,Construction & Engineering,"$1,596",20.15
928,Prio SA,BR,Oil & Gas,"$6,454",20.09
929,Prima Marine PCL,TH,Oil & Gas Related Equipment and Services,$502,19.95
930,Label Vie SA,MA,Food & Drug Retailing,"$1,586",19.74
931,Siamgas and Petrochemicals PCL,TH,Oil & Gas Related Equipment and Services,$377,19.63
932,NR Instant Produce PCL,TH,Food & Tobacco,$30,19.60
933,AP Thailand PCL,TH,Real Estate Operations,$743,19.32
934,Gelex Group JSC,VN,"Machinery, Tools, Heavy Vehicles, Trains & Ships","$1,925",19.17
935,Impact Developer & Contractor SA,RO,Real Estate Operations,"$2,401",18.80
936,Borusan Yatirim ve Pazarlama AS,TR,Metals & Mining,"$1,569",18.46
937,Vinhomes JSC,VN,Real Estate Operations,"$14,555",18.14
938,Intracom Holdings SA,GR,Consumer Goods Conglomerates,$344,18.10
939,Diana Shipping Inc,GR,Freight & Logistics Services,$182,18.05
940,Omani Qatari Telecommunications Company SAOG,OM,Telecommunications Services,$430,17.98
941,RMB Holdings Ltd,ZA,Real Estate Operations,$32,17.78
942,Brimstone Investment Corporation Ltd,ZA,Food & Tobacco,$70,17.70
943,PDG Realty SA Empreendimentos e Participacoes,BR,Investment Holding Companies,$1,17.14
944,Bradespar SA,BR,Metals & Mining,"$1,146",17.05
945,Able Global Bhd,MY,Food & Tobacco,$115,17.03
946,Metrodata Electronics Tbk PT,ID,Software & IT Services,$445,16.95
947,Hosken Consolidated Investments Ltd,ZA,Consumer Goods Conglomerates,$625,16.78
948,Tomypak Holdings Bhd,MY,Containers & Packaging,$28,16.74
949,Compania Minera San Ignacio de Morococha SAA,PE,Metals & Mining,$36,16.61
950,Indraprastha Gas Ltd,IN,Natural Gas Utilities,"$3,298",16.56
951,Media Nusantara Citra Tbk PT,ID,Media & Publishing,$244,16.54
952,Alarko Holding AS,TR,Consumer Goods Conglomerates,$989,16.09
953,Even Construtora e Incorporadora SA,BR,Real Estate Operations,$260,15.83
954,Verusa Holding AS,TR,Chemicals,$663,15.38
955,Promotora y Operadora de Infraestructura SAB de CV,MX,Transport Infrastructure,"$5,397",15.32
956,Guararapes Confeccoes SA,BR,Specialty Retailers,$764,15.10
957,Bahrain Commercial Facilities Co BSC,BH,Banking Services,$125,15.06
958,Quantum Clovera Investama Tbk PT,ID,Software & IT Services,$12,15.00
959,Ahli Bank SAOG,OM,Banking Services,"$1,041",14.98
960,Grupo Financiero Inbursa SAB de CV,MX,Banking Services,"$16,438",14.89
961,Zamp SA,BR,Hotels & Entertainment Services,$262,14.02
962,Companhia de Saneamento de Minas Gerais COPASA MG,BR,Water & Related Utilities,"$1,846",13.95
963,Hidrovias do Brasil SA,BR,Freight & Logistics Services,$907,13.91
964,Sohar International Bank SAOG,OM,Banking Services,"$2,373",13.76
965,Raysut Cement Company SAOG,OM,Construction Materials,$48,13.55
966,Construtora Tenda S/A,BR,Real Estate Operations,$480,12.91
967,Super Energy Corporation PCL,TH,Electric Utilities & IPPs,$135,12.85
968,Bahrain Kuwait Insurance Company BSC,BH,Insurance,$149,12.48
969,Bahrain Duty Free Shop Complex BSC,BH,Transport Infrastructure,$154,12.40
970,Bangkok Chain Hospital PCL,TH,Healthcare Providers & Services,"$1,124",12.31
971,Banco Pan SA,BR,Banking Services,$923,11.99
972,Invicta Holdings Ltd,ZA,Diversified Industrial Goods Wholesale,$178,11.60
973,JMT Network Services PCL,TH,Banking Services,$541,11.56
974,Holding Company ADMIE IPTO SA,GR,Electric Utilities & IPPs,$937,11.27
975,CESC Ltd,IN,Electric Utilities & IPPs,"$2,487",10.84
976,Srisawad Corporation PCL,TH,Banking Services,"$1,164",10.64
977,Dis-Chem Pharmacies Ltd,ZA,Food & Drug Retailing,"$1,559",10.31
978,Megacable Holdings SAB de CV,MX,Telecommunications Services,"$2,408",10.08
979,Link Net Tbk PT,ID,Telecommunications Services,$340,9.72
980,Ajiya Bhd,MY,Homebuilding & Construction Supplies,$153,9.47
981,Safwa Islamic Bank PSC,JO,Banking Services,$485,9.36
982,Technical Olympic SA,GR,Freight & Logistics Services,$127,9.29
983,Unitech Ltd,IN,Real Estate Operations,$221,9.23
984,Inovest BSC Public,BH,Real Estate Operations,$158,9.19
985,Direcional Engenharia SA,BR,Real Estate Operations,"$1,348",8.92
986,Luz del Sur SAA,PE,Electric Utilities & IPPs,"$1,664",8.71
987,Viet Nam Construction and Import Export Joint Stock Corp,VN,Construction & Engineering,$660,8.65
988,Zeder Investments Ltd,ZA,Investment Banking & Investment Services,$120,8.46
989,Steppe Cement Ltd,MY,Construction Materials,$53,7.19
990,Hoa Phat Group JSC,VN,Metals & Mining,"$8,218",6.74
991,Grand Parade Investments Ltd,ZA,Investment Banking & Investment Services,$64,6.31
992,Casa Grande SAA,PE,Food & Tobacco,$251,6.30
993,Koza Anadolu Metal Madencilik Isletmeleri AS,TR,Metals & Mining,$683,6.19
994,Empresa Agroindustrial Pomalca SAA,PE,Food & Tobacco,$20,5.48
995,Dat Xanh Group JSC,VN,Real Estate Operations,$839,5.05
996,Masterplast Nyrt,HU,Homebuilding & Construction Supplies,$159,4.88
997,Douja Promotion Groupe Addoha SA,MA,Real Estate Operations,"$1,814",4.77
998,Camil Alimentos SA,BR,Food & Tobacco,$295,4.16
999,United Gulf Investment Corporation BSC,BH,Metals & Mining,$20,3.97
1000,Selcuk Ecza Deposu Ticaret ve Sanayi AS,TR,Pharmaceuticals,"$1,450",2.74
1001,Bank of Greece,GR,Banking Services,$359,2.62
1002,Industrias CH SAB de CV,MX,Metals & Mining,"$3,985",2.42
1003,T S Flour Mill PCL,TH,Food & Tobacco,$27,2.15
